Region,Unit,Segment,Business,Year,Losses,Expenses,Premium,UWR_Plan
Alandia,Unit1,Big,Doctors,2012,0,38128.56228,0,0
Alandia,Unit1,Big,Doctors,2013,0,0,0,0
Alandia,Unit1,Big,Criminals,2012,0,140694.6451,0,0
Alandia,Unit1,Big,Criminals,2013,0,0,0,0
Alandia,Unit1,Big,Third Party,2012,3261072.951,1217174.711,5079637.026,0
Alandia,Unit1,Big,Third Party,2013,0,1789936.415,5169344.553,3074392.245
Alandia,Unit1,Big,Packaging,2012,479087.2001,202206.8592,648345.1743,0
Alandia,Unit1,Big,Packaging,2013,0,67449.24002,798979.6779,987917.3735000001
Alandia,Unit1,Big,Travel,2012,0,0,0,0
Alandia,Unit1,Big,Travel,2013,0,462237.0912,0,11596434.902500002
Alandia,Unit1,Big,Combined,2012,0,0,0,0
Alandia,Unit1,Big,Combined,2013,0,0,0,0
Alandia,Unit1,Big,Housing,2012,5443467.888,1525101.087,5754297.342,0
Alandia,Unit1,Big,Housing,2013,0,2487200.537,6514247.38,4026633.1525
Alandia,Unit1,Big,Accidents,2012,0,0,0,0
Alandia,Unit1,Big,Accidents,2013,0,0,0,0
Alandia,Unit1,Big,Doctors,2012,1437445.824,2522140.169,8589208.149,38590535.225
Alandia,Unit1,Big,Doctors,2013,2048090.398,2759065.445,8148945.7,37540018.824999996
Alandia,Unit1,Big,Doctors,2014,1705492.86,2679480.214,8305023.664,25441836.6
Alandia,Unit1,Big,Doctors,2015,3386872.922,3586482.641,9550875.274,34256827.12499999
Alandia,Unit1,Big,Doctors,2016,0,1715685.574,4716616.532,23241982.25
Alandia,Unit1,Big,Criminals,2012,0,0,0,0
Alandia,Unit1,Big,Criminals,2013,0,0,0,0
Alandia,Unit1,Big,Criminals,2014,0,0.021381029,0,-0.5665458999999999
Alandia,Unit1,Big,Third Party,2012,18667926.85,17688066.73,60991247.55,118764986.37500001
Alandia,Unit1,Big,Third Party,2013,26655587.79,21919046.83,66653722.64,58645904.35
Alandia,Unit1,Big,Third Party,2014,19309082.97,22659417.06,68017658.37,29335820.3
Alandia,Unit1,Big,Third Party,2015,18557372.27,24950049.45,66639123.47,44785151.175
Alandia,Unit1,Big,Third Party,2016,0,13810379.79,36130508.09,61923788.425
Alandia,Unit1,Big,Packaging,2012,5270225.99,5641337.257,18337239.7,28018339.150000002
Alandia,Unit1,Big,Packaging,2013,6071769.604,6058273.491,19375890.62,-382003.19625000004
Alandia,Unit1,Big,Packaging,2014,5315325.439,7846123.818,21055620.46,2165736.17775
Alandia,Unit1,Big,Packaging,2015,7061044.363,7952297.511,21377725.77,33082371.675
Alandia,Unit1,Big,Packaging,2016,0,3859486.185,10609697.63,32268195.974999998
Alandia,Unit1,Big,Travel,2012,43472678.3,30424708.9,120644523.3,58868794.375
Alandia,Unit1,Big,Travel,2013,49287345.68,33837568.06,123679554.2,89882547.60000001
Alandia,Unit1,Big,Travel,2014,43699794,36691024.14,131840881.2,-33214481.5
Alandia,Unit1,Big,Travel,2015,41961434.32,41013693.17,136486704.6,1246538.354
Alandia,Unit1,Big,Travel,2016,0,20438917.85,66882955.68,16548982.407499999
Alandia,Unit1,Big,Combined,2012,0,0,0,0
Alandia,Unit1,Big,Combined,2013,0,0,0,0
Alandia,Unit1,Big,Housing,2012,35317959.18,29724870.2,92515236.23,112286614.55000001
Alandia,Unit1,Big,Housing,2013,37636221.26,35731593.14,99125936.47,107304299.42500001
Alandia,Unit1,Big,Housing,2014,31579682.87,37858142.18,108700289,40132814
Alandia,Unit1,Big,Housing,2015,30052918.04,39685444.67,110392457,42185539.75
Alandia,Unit1,Big,Housing,2016,0,21091786.29,55811236.3,24951169.549999997
Alandia,Unit1,Big,Accidents,2012,0,0,0,0
Alandia,Unit1,Big,Accidents,2013,0,0,0,0
Alandia,Unit1,Small,Doctors,2012,19988407.6,24136510.67,78773729.26,107452375.52499999
Alandia,Unit1,Small,Doctors,2013,23971443.01,28704088,86022217.88,115567486.5
Alandia,Unit1,Small,Doctors,2014,26113739.33,29344370.01,93592328.6,95968333.4
Alandia,Unit1,Small,Doctors,2015,28356263.56,36164371.18,90668693.52,82968620.45
Alandia,Unit1,Small,Doctors,2016,32045088.93,38927443.49,107044425.7,63615151.05
Alandia,Unit1,Small,Criminals,2012,0,0,0,0
Alandia,Unit1,Small,Criminals,2013,0,0,0,0
Alandia,Unit1,Small,Criminals,2014,0,0.04303504,0,1.1299622249999999
Alandia,Unit1,Small,Third Party,2012,1527834.835,3585313.29,9792553.428,24523175.382499997
Alandia,Unit1,Small,Third Party,2013,1393035.507,3674619.731,10850963.68,53650737.60000001
Alandia,Unit1,Small,Third Party,2014,1590497.725,4176745.449,11564916.01,48966656.25
Alandia,Unit1,Small,Third Party,2015,1360954.22,4074629.112,11075970.66,45423591.85
Alandia,Unit1,Small,Third Party,2016,17207545.73,15974431.78,41835640.49,50674520.675
Alandia,Unit1,Small,Packaging,2012,346589.182,567622.2225,1415299.444,2350783.3165
Alandia,Unit1,Small,Packaging,2013,308399.7306,896714.3028,2101978.039,11143455.5475
Alandia,Unit1,Small,Packaging,2014,118565.9219,640731.9396,1577137.176,4292802.345
Alandia,Unit1,Small,Packaging,2015,86015.25584,292294.6157,742538.713,2912366.7125000004
Alandia,Unit1,Small,Packaging,2016,5663979.747,4254442.845,11618512.76,10645432.2825
Alandia,Unit1,Small,Travel,2012,97596003.81,80146480.91,286719450.8,125875848.775
Alandia,Unit1,Small,Travel,2013,105637194.6,84386936.84,305957642.5,230026123.525
Alandia,Unit1,Small,Travel,2014,97922323.92,94723303.75,297210867.3,98904839.7
Alandia,Unit1,Small,Travel,2015,105772367.1,109562387,334097867.1,46329859.1
Alandia,Unit1,Small,Travel,2016,152825291,121450563.4,386282122.5,616842.4695
Alandia,Unit1,Small,Combined,2012,0,0,0,0
Alandia,Unit1,Small,Combined,2013,0,0,0,0
Alandia,Unit1,Small,Housing,2012,36808438.03,35450286.13,107038820.6,90829088.3
Alandia,Unit1,Small,Housing,2013,37337931.05,40788729.11,113911864.8,-26457898.599999998
Alandia,Unit1,Small,Housing,2014,31921072.39,41354691.82,115788617.9,-45152683.449999996
Alandia,Unit1,Small,Housing,2015,38814690.5,45360154.54,122451314.2,-72948585.8
Alandia,Unit1,Small,Housing,2016,63406295.59,65418770.66,175270973.2,2066704.66175
Alandia,Unit1,Small,Accidents,2012,0,0,0,0
Alandia,Unit1,Small,Accidents,2013,0,0,0,0
Alandia,Unit2,Big,Doctors,2012,1275902.842,1269244.422,4832391.659,-191256.160775
Alandia,Unit2,Big,Doctors,2013,0,545809.1275,1874927.877,-1783400.30925
Alandia,Unit2,Big,Doctors,2016,1440502.041,417469.9548,1210151.292,0
Alandia,Unit2,Big,Criminals,2012,0,0,0,0
Alandia,Unit2,Big,Criminals,2013,0,0,0,0
Alandia,Unit2,Big,Criminals,2016,35838545.1,34438353.59,108682978.2,0
Alandia,Unit2,Big,Third Party,2012,60897741.04,47413941.02,195382425.4,427163633.5
Alandia,Unit2,Big,Third Party,2013,0,25669961.46,117075398.5,626422291.5
Alandia,Unit2,Big,Third Party,2016,109059200.5,36387258.81,133019092.4,0
Alandia,Unit2,Big,Packaging,2012,44871791.46,26014668.85,112574990.2,152384245.20000002
Alandia,Unit2,Big,Packaging,2013,0,16020658.83,59349573.93,119877988.025
Alandia,Unit2,Big,Packaging,2016,26424890.23,11559450.58,40092787.61,0
Alandia,Unit2,Big,Travel,2012,122583930.6,37336738.54,234308287.7,103705559.075
Alandia,Unit2,Big,Travel,2013,0,21209680.33,121674301.6,71918360.69999999
Alandia,Unit2,Big,Travel,2016,66291118.83,20647127.91,87993806.65,0
Alandia,Unit2,Big,Combined,2012,0,0,0,0
Alandia,Unit2,Big,Combined,2013,0,0,0,0
Alandia,Unit2,Big,Housing,2012,92937630.83,55604747.85,246155426.1,324112421.75
Alandia,Unit2,Big,Housing,2013,0,25631019.76,109878206.7,290416527.25
Alandia,Unit2,Big,Housing,2016,121718012.5,35486029.39,137180081.3,0
Alandia,Unit2,Big,Accidents,2012,0,0,0,0
Alandia,Unit2,Big,Accidents,2013,0,0,0,0
Alandia,Unit2,Big,Accidents,2016,934.2438134,9509.199084,75879.59803,0
Alandia,Unit2,Big,Doctors,2012,9938244.418,12354252.43,28342696.98,81995588.9
Alandia,Unit2,Big,Doctors,2013,9345300.226,10208780.95,27550140.47,13557615.6075
Alandia,Unit2,Big,Doctors,2014,8447026.433,10004614.09,29796194.05,51690099.074999996
Alandia,Unit2,Big,Doctors,2015,9219818.122,11432682.23,31380975.56,40435398.2
Alandia,Unit2,Big,Doctors,2016,0,6189494.979,15590527.5,4991086.96
Alandia,Unit2,Big,Criminals,2012,39254112.19,99397004.98,257637028.4,1037355471.5
Alandia,Unit2,Big,Criminals,2013,118559279.8,82815171.6,260477622.8,722970946.75
Alandia,Unit2,Big,Criminals,2014,50895266.24,62731711.22,250981686.9,578205066.75
Alandia,Unit2,Big,Criminals,2015,104905688.6,82557844.28,225127120.4,654274030.2500001
Alandia,Unit2,Big,Criminals,2016,0,27734812.93,90011118.16,562893740.25
Alandia,Unit2,Big,Third Party,2012,145395036.8,147401946.5,417459772.6,697569639.25
Alandia,Unit2,Big,Third Party,2013,66949562.49,114915502.9,273147654.5,516076866.75000006
Alandia,Unit2,Big,Third Party,2014,63544321.92,124639511.6,293937948.6,516761101.75000006
Alandia,Unit2,Big,Third Party,2015,67887457.14,138493815.6,288113837.8,217153285.67499998
Alandia,Unit2,Big,Third Party,2016,0,66421223.4,147592121.8,214562419.57500002
Alandia,Unit2,Big,Packaging,2012,38777629.42,39798726.19,105653416.3,165673509.225
Alandia,Unit2,Big,Packaging,2013,40206615.9,38380621.13,91590091.08,22372362.395
Alandia,Unit2,Big,Packaging,2014,25118195.91,31225985.64,84566439.97,-18117761.0325
Alandia,Unit2,Big,Packaging,2015,20693356.23,28581866.04,66181406.49,-68399483.94999999
Alandia,Unit2,Big,Packaging,2016,0,14550786.41,29220075.97,-50240268.824999996
Alandia,Unit2,Big,Travel,2012,162908636.7,131311759.7,440384031.9,-48938315.175000004
Alandia,Unit2,Big,Travel,2013,118532990.6,106053308.8,332994636.6,4250043.3175
Alandia,Unit2,Big,Travel,2014,97522158.05,92413772.95,287887842.1,27319105.499999996
Alandia,Unit2,Big,Travel,2015,115509953.3,115334291.1,309007520.1,-87991911.27499999
Alandia,Unit2,Big,Travel,2016,0,59735850.97,151334082.6,-347779412.25
Alandia,Unit2,Big,Combined,2012,0,0,0,0
Alandia,Unit2,Big,Combined,2013,0,0,0,0
Alandia,Unit2,Big,Housing,2012,139315440,159858758.3,424076783.6,-83643681.72500001
Alandia,Unit2,Big,Housing,2013,147226756.8,159775536.7,399156469.4,-389266711.50000006
Alandia,Unit2,Big,Housing,2014,111354352.5,153391107.6,363081957.7,-48511061.49999999
Alandia,Unit2,Big,Housing,2015,138353294.3,163429551.9,379966299.7,-270640963.75
Alandia,Unit2,Big,Housing,2016,0,89355747.23,212160336.4,-277245447.00000006
Alandia,Unit2,Big,Accidents,2012,0,0,0,0
Alandia,Unit2,Big,Accidents,2013,0,0,0,0
Alandia,Unit2,Big,Accidents,2016,0,2747213.917,0,-68801492.55
Alandia,Unit2,Small,Doctors,2012,65942793.73,211138419.2,397430821.1,1278802757.75
Alandia,Unit2,Small,Doctors,2013,71936175.99,171719437.9,401351103.9,1196587543.75
Alandia,Unit2,Small,Doctors,2014,86206334.6,171344427.8,417502097,1120984088.7499998
Alandia,Unit2,Small,Doctors,2015,83621129.25,189880309.7,426421430.5,907757701.9999999
Alandia,Unit2,Small,Doctors,2016,88909069.48,188640671.6,452469803,878740870.5
Alandia,Unit2,Small,Criminals,2012,62893.24611,145754.8704,156968.1215,5354651.5375
Alandia,Unit2,Small,Criminals,2013,34350.65354,80793.60211,166524.3094,1409.9120275
Alandia,Unit2,Small,Criminals,2014,35273.46462,49468.91866,89445.34351,-1559721.55475
Alandia,Unit2,Small,Criminals,2015,44257.63688,97696.19136,185914.2978,176904.763425
Alandia,Unit2,Small,Criminals,2016,64407.37331,107490.8685,260472.3618,754115.46575
Alandia,Unit2,Small,Third Party,2012,26171805.53,81612593.32,152706822.8,372529734
Alandia,Unit2,Small,Third Party,2013,26015249.3,76171663.77,156871539.1,430560175.25
Alandia,Unit2,Small,Third Party,2014,24433516.7,80785777.8,159926388.9,439947664.25000006
Alandia,Unit2,Small,Third Party,2015,21307439.6,91280722.46,165343944.7,292875362.25
Alandia,Unit2,Small,Third Party,2016,86478344.57,133393607.9,307861607.9,403925356.25
Alandia,Unit2,Small,Packaging,2012,744991.9352,71753.22868,2399983.031,33308849.150000002
Alandia,Unit2,Small,Packaging,2013,815238.4391,2582722.818,2623485.39,7070167.7025
Alandia,Unit2,Small,Packaging,2014,670503.3234,2277240.067,2659977.294,9403883.292499999
Alandia,Unit2,Small,Packaging,2015,213809.5832,2348083.486,3184356.768,20393706.169999998
Alandia,Unit2,Small,Packaging,2016,14714179.74,17022171.33,26732257.28,-17318332.669999998
Alandia,Unit2,Small,Travel,2012,708414086.5,437529842.7,1687003179,255367331
Alandia,Unit2,Small,Travel,2013,658938189.6,449737963.5,1708142471,72174645.925
Alandia,Unit2,Small,Travel,2014,639945563.8,513498432.3,1774700762,579330379.7500001
Alandia,Unit2,Small,Travel,2015,658958571.3,539995882.1,1839583648,-210027208.65
Alandia,Unit2,Small,Travel,2016,714254062.9,566255015,1902871148,372388821.49999994
Alandia,Unit2,Small,Combined,2012,0,0,0,0
Alandia,Unit2,Small,Combined,2013,0,0,0,0
Alandia,Unit2,Small,Housing,2012,115042535.2,195787195,378566530.7,-229263989.95
Alandia,Unit2,Small,Housing,2013,137267816.7,153935382.5,381776034.3,-296740771.74999994
Alandia,Unit2,Small,Housing,2014,118185622.2,160914257.9,387635325.6,-69760718.5
Alandia,Unit2,Small,Housing,2015,129805611.1,192337089.7,411552187.2,-307233990.75
Alandia,Unit2,Small,Housing,2016,287229508.5,301753755.8,635269955.8,74388915.775
Alandia,Unit2,Small,Accidents,2012,0,0,0,0
Alandia,Unit2,Small,Accidents,2013,0,0,0,0
Alandia,Unit2,Small,Accidents,2016,0,5487202.254,0,-137429525.175
Belandia,Unit3,Big,Doctors,2012,0,0,0,0
Belandia,Unit3,Big,Doctors,2013,0,0,0,0
Belandia,Unit3,Big,Doctors,2014,0,68535.50824,0,-1841713.28625
Belandia,Unit3,Big,Criminals,2012,0,0,0,0
Belandia,Unit3,Big,Criminals,2013,0,0,0,0
Belandia,Unit3,Big,Criminals,2014,0,146492.6169,0,-3796027.0275000003
Belandia,Unit3,Big,Third Party,2012,17253787.16,10793921.97,31838851.94,-20485398.622500002
Belandia,Unit3,Big,Third Party,2013,12241849.01,12643256.16,29241977.51,-44565252.3
Belandia,Unit3,Big,Third Party,2014,13505825.91,13480514.54,33043042.31,-10367809.089999998
Belandia,Unit3,Big,Third Party,2015,15719023.88,15524070.45,37986157.39,-42293734.375
Belandia,Unit3,Big,Third Party,2016,0,8962088.007,19999036.92,-18410107.759999998
Belandia,Unit3,Big,Packaging,2012,205163.5115,782931.1266,2348859.289,9498715.5175
Belandia,Unit3,Big,Packaging,2013,255537.3864,873189.8276,2319195.388,12980471.0025
Belandia,Unit3,Big,Packaging,2014,231637.1388,634194.1981,2145602.834,12370652.790000001
Belandia,Unit3,Big,Packaging,2015,122472.1478,799002.403,1954897.677,7637822.920000001
Belandia,Unit3,Big,Packaging,2016,0,369208.8804,882655.7793,9084058.280000001
Belandia,Unit3,Big,Travel,2012,17549776.88,12595653.46,51097822.39,15558662.257499998
Belandia,Unit3,Big,Travel,2013,15645199.01,12288334.33,41144765.62,-6733425.2725
Belandia,Unit3,Big,Travel,2014,20537309.02,15183774.16,41924560.87,-24811039.2575
Belandia,Unit3,Big,Travel,2015,29879921.83,20922683.29,61113949.42,-19978432.9125
Belandia,Unit3,Big,Travel,2016,0,8579470.335,25206858.96,-45885740.449999996
Belandia,Unit3,Big,Combined,2012,13415748.22,15153700.49,44907931.91,24435076.842499997
Belandia,Unit3,Big,Combined,2013,18789944.1,16298695.52,47567120.02,12922163.1975
Belandia,Unit3,Big,Combined,2014,22819001.86,21453532.52,56313250.09,-6458255.23
Belandia,Unit3,Big,Combined,2015,21280447.63,24413097.68,63998069.34,-22185538.0325
Belandia,Unit3,Big,Combined,2016,0,12825634.29,31540457.51,-6164553.61
Belandia,Unit3,Big,Housing,2012,13407913.45,26573364.63,68825062.86,10918556.215
Belandia,Unit3,Big,Housing,2013,12070115.91,23260869.78,56769797.22,39035713.725
Belandia,Unit3,Big,Housing,2014,10266791.69,26213051.17,62238023.27,56541676.075
Belandia,Unit3,Big,Housing,2015,12333174.42,24551060.81,56430175.49,73414636.025
Belandia,Unit3,Big,Housing,2016,0,11695583.93,32045454.31,150790319.5
Belandia,Unit3,Big,Accidents,2012,19564359.02,10741777.81,36702990.37,-23789102.9325
Belandia,Unit3,Big,Accidents,2013,15001187.84,13033302.64,34492524.56,-29241691.9
Belandia,Unit3,Big,Accidents,2014,16611176.43,13702976.33,36242648.63,-25062432.2
Belandia,Unit3,Big,Accidents,2015,15679972.66,13971606.2,39147919.81,-48183943.699999996
Belandia,Unit3,Big,Accidents,2016,0,6550462.249,18142274.52,-21920089.0075
Belandia,Unit3,Small,Doctors,2012,0,0,0,0
Belandia,Unit3,Small,Doctors,2013,0,0,4005.043864,-64362.939025
Belandia,Unit3,Small,Doctors,2014,0,107067.7425,865.5962907,2706029.6725
Belandia,Unit3,Small,Doctors,2015,0,0,1832.412026,-32057.504999999997
Belandia,Unit3,Small,Criminals,2012,0,0,0,0
Belandia,Unit3,Small,Criminals,2013,0,0,0,0
Belandia,Unit3,Small,Third Party,2012,0,0,0,0
Belandia,Unit3,Small,Third Party,2013,0,0,0,0
Belandia,Unit3,Small,Third Party,2014,0,48939.53776,0,1251385.30175
Belandia,Unit3,Small,Third Party,2016,14923536.98,8582996.731,22278433.57,0
Belandia,Unit3,Small,Packaging,2012,0,0,0,0
Belandia,Unit3,Small,Packaging,2013,0,0,0,0
Belandia,Unit3,Small,Packaging,2016,103341.7588,206564.2562,614697.6745,0
Belandia,Unit3,Small,Travel,2012,96389768.2,59153450.88,233135155,58907392.37499999
Belandia,Unit3,Small,Travel,2013,93762865.72,58620649.45,199631042.4,30902393.575000003
Belandia,Unit3,Small,Travel,2014,75158018.68,52555084.29,181665459.2,-41974205.225
Belandia,Unit3,Small,Travel,2015,54489636.14,42126545.69,150117927.7,-43854251.225
Belandia,Unit3,Small,Travel,2016,80175268.91,54543640.5,175736157.8,10171778.655
Belandia,Unit3,Small,Combined,2012,0,0,0,0
Belandia,Unit3,Small,Combined,2013,0,0,0,0
Belandia,Unit3,Small,Combined,2016,21402854.31,13013635.09,35095552.05,0
Belandia,Unit3,Small,Housing,2012,29473942.06,39430869.25,125875038.3,149738326.825
Belandia,Unit3,Small,Housing,2013,28158570.59,46088406.36,127113287.1,164093912.125
Belandia,Unit3,Small,Housing,2014,41329693.14,50382780.85,127824631.9,102428566.55
Belandia,Unit3,Small,Housing,2015,34870216.01,54978895.97,143665709.6,20422078.172500003
Belandia,Unit3,Small,Housing,2016,45378790.08,61845792.3,182139373.4,64280121.400000006
Belandia,Unit3,Small,Accidents,2012,0,0,0,0
Belandia,Unit3,Small,Accidents,2013,0,0,0,0
Belandia,Unit3,Small,Accidents,2016,14615807.67,6692865.015,19179438.6,0
Cergo,Unit4,Big,Doctors,2012,9885614.389,7693945.878,26255559.46,11163807.74
Cergo,Unit4,Big,Doctors,2013,0,3632326.945,12727242,6003442.027499999
Cergo,Unit4,Big,Doctors,2016,8124575.526,3031984.233,11197539.29,0
Cergo,Unit4,Big,Criminals,2012,878345.6918,629938.2576,2544803.345,1065695.65925
Cergo,Unit4,Big,Criminals,2013,0,492844.4873,1871606.914,5469013.805000001
Cergo,Unit4,Big,Criminals,2016,1989406.966,1304091.67,4461093.058,0
Cergo,Unit4,Big,Third Party,2012,34305875.46,29125293.54,105445107.9,111026060.675
Cergo,Unit4,Big,Third Party,2013,0,15979876.17,58547648.49,112449629.3
Cergo,Unit4,Big,Third Party,2016,45407474.41,22442667.53,69314722.53,0
Cergo,Unit4,Big,Packaging,2012,682865.3845,639185.917,3054172.647,6584296.2675
Cergo,Unit4,Big,Packaging,2013,0,233779.3132,1226465.423,5725657.115
Cergo,Unit4,Big,Packaging,2016,1887609.409,706798.5073,3549868.249,0
Cergo,Unit4,Big,Travel,2012,22857926.07,12703169.75,41010226.84,-61263893.99999999
Cergo,Unit4,Big,Travel,2013,0,7338491.78,27472590.83,33495022.299999997
Cergo,Unit4,Big,Travel,2016,15960729.65,6039011.158,21578564.75,0
Cergo,Unit4,Big,Combined,2012,0,0,0,0
Cergo,Unit4,Big,Combined,2013,0,0,0,0
Cergo,Unit4,Big,Housing,2012,17835770.37,10774436.17,47511056.89,82572719.675
Cergo,Unit4,Big,Housing,2013,0,7636255.317,27650416.31,108855682.55
Cergo,Unit4,Big,Housing,2016,6302182.968,6350433.404,20122317.68,0
Cergo,Unit4,Big,Accidents,2012,0,0,0,0
Cergo,Unit4,Big,Accidents,2013,0,0,0,0
Cergo,Unit4,Big,Accidents,2016,0,74164.27303,242145.5973,0
Cergo,Unit4,Big,Doctors,2012,16122268.63,14460818.52,49846668.91,9691995.225000001
Cergo,Unit4,Big,Doctors,2013,17496968.97,18051140.23,51772080.52,2059060.82325
Cergo,Unit4,Big,Doctors,2014,18825961.5,20134421.9,50922235.48,-9306499.1525
Cergo,Unit4,Big,Doctors,2015,28301194.86,28133417.91,79509424.21,52829806.65
Cergo,Unit4,Big,Doctors,2016,0,14829895.53,44064915.58,-28566984.074999996
Cergo,Unit4,Big,Criminals,2012,10795833.96,14337583.64,38964851.61,67305698.925
Cergo,Unit4,Big,Criminals,2013,10612837.74,10703814.13,26458007.53,-13567954.9375
Cergo,Unit4,Big,Criminals,2014,10053553.59,11812881.6,24993413.99,-62755561.224999994
Cergo,Unit4,Big,Criminals,2015,9147055.488,9882120.385,20010112.91,-68603547.5
Cergo,Unit4,Big,Criminals,2016,0,3670244.953,9205566.812,-62355246.95
Cergo,Unit4,Big,Third Party,2012,44821619.71,46778182.81,136936961.8,-36674208.075
Cergo,Unit4,Big,Third Party,2013,43614292.38,53192567.74,140638425.5,-85182900.575
Cergo,Unit4,Big,Third Party,2014,46901937.08,52609257.78,137804336.6,-47997040.45
Cergo,Unit4,Big,Third Party,2015,44414460.59,53099652.57,157894973.5,12449373.32
Cergo,Unit4,Big,Third Party,2016,0,30728362.05,86504276.1,87524972.775
Cergo,Unit4,Big,Packaging,2012,2171479.09,6251644.36,12994277.79,37851378.74999999
Cergo,Unit4,Big,Packaging,2013,2233854.801,5118913.445,12608955.92,21905939.3025
Cergo,Unit4,Big,Packaging,2014,1976604.34,5331508.122,12591915.55,41704280.675000004
Cergo,Unit4,Big,Packaging,2015,2378912.354,4920798.945,11876757.53,32749953.05
Cergo,Unit4,Big,Packaging,2016,0,2300127.415,6201057.532,26656526
Cergo,Unit4,Big,Travel,2012,13066721.02,7904879.128,35339984.87,12046053.407499999
Cergo,Unit4,Big,Travel,2013,11254442.65,8512721.937,35082120.75,1426513.5505000001
Cergo,Unit4,Big,Travel,2014,12541143.4,9051414.253,33930806.69,49799181.175
Cergo,Unit4,Big,Travel,2015,15086302.33,9433702.722,37259940.54,44459033.50000001
Cergo,Unit4,Big,Travel,2016,0,4754562.467,19616706.35,26553112.25
Cergo,Unit4,Big,Combined,2012,0,0,0,0
Cergo,Unit4,Big,Combined,2013,0,0,0,0
Cergo,Unit4,Big,Housing,2012,96192717.39,63860184.93,191657119,30735570.825000003
Cergo,Unit4,Big,Housing,2013,77648375.23,73497980.34,210044681.1,-41237990.05
Cergo,Unit4,Big,Housing,2014,71700991.93,81674755.49,241122801.8,-390232890.75
Cergo,Unit4,Big,Housing,2015,108212137.6,78153884.11,255908151.3,-309957055.25000006
Cergo,Unit4,Big,Housing,2016,0,39909216.68,133960854.3,-236461977.25
Cergo,Unit4,Big,Accidents,2012,0,0,0,0
Cergo,Unit4,Big,Accidents,2013,0,0,0,0
Cergo,Unit4,Small,Doctors,2012,57326002.76,87118981.17,218146830.7,311673357.25
Cergo,Unit4,Small,Doctors,2013,56045200.04,78082977.73,214016726.4,349559420.5
Cergo,Unit4,Small,Doctors,2014,53573710.91,86658521.85,217993187.1,344578915.24999994
Cergo,Unit4,Small,Doctors,2015,50988671.89,86686825,212142115.8,343035358.75
Cergo,Unit4,Small,Doctors,2016,74782362.09,98914440.26,252156774.6,316981451.75
Cergo,Unit4,Small,Criminals,2012,27260.97474,469898.8992,641950.0287,1332543.767
Cergo,Unit4,Small,Criminals,2013,95757.86872,410330.5657,717894.435,3958925.7525000004
Cergo,Unit4,Small,Criminals,2014,79869.64111,24222.47419,212315.171,3747470.7175000003
Cergo,Unit4,Small,Criminals,2015,66146.49489,46465.53246,173500.6342,877116.07275
Cergo,Unit4,Small,Criminals,2016,6623601.847,5260645.804,9826719.299,1197398.3050000002
Cergo,Unit4,Small,Third Party,2012,74337659.01,66956770.35,182655462.2,-96523630.5
Cergo,Unit4,Small,Third Party,2013,63795437.11,59663677.97,157910463.3,-108686168.67500001
Cergo,Unit4,Small,Third Party,2014,45752121.33,61097120.18,146792480.4,-93269360.4
Cergo,Unit4,Small,Third Party,2015,36863343.6,59544277.98,138785453.1,47904716.95
Cergo,Unit4,Small,Third Party,2016,76183433.11,84731054.12,206303955.7,34419753.875
Cergo,Unit4,Small,Packaging,2012,0,17977.07128,103.567222,372.08022
Cergo,Unit4,Small,Packaging,2013,0,2281.699607,2148.874459,160.63898702499998
Cergo,Unit4,Small,Packaging,2014,28767.68702,144.0102871,335.1425226,0
Cergo,Unit4,Small,Packaging,2015,0,179.5184372,109.3550082,3159.10402
Cergo,Unit4,Small,Packaging,2016,1822809.895,2214688.002,5622230.601,20.0500927
Cergo,Unit4,Small,Travel,2012,540896937.9,483006874.8,1757295220,-2056300.73025
Cergo,Unit4,Small,Travel,2013,522855911,460657298.8,1745078702,1231761698.5
Cergo,Unit4,Small,Travel,2014,460679967.9,502069461,1600493141,956878202.5
Cergo,Unit4,Small,Travel,2015,473290501.3,455491159.8,1474941879,703110131.25
Cergo,Unit4,Small,Travel,2016,454992866,431939958.8,1392501830,749863710
Cergo,Unit4,Small,Combined,2012,0,0,0,0
Cergo,Unit4,Small,Combined,2013,0,0,0,0
Cergo,Unit4,Small,Housing,2012,85317270.63,112825429.1,292036427,108547782.275
Cergo,Unit4,Small,Housing,2013,78029193.35,111536208,278988606.1,61167933.3
Cergo,Unit4,Small,Housing,2014,83281851.54,116090476.8,286252699.6,-64704598.5
Cergo,Unit4,Small,Housing,2015,78159030.49,112948154.8,275333925.6,140397364.5
Cergo,Unit4,Small,Housing,2016,145387126,152624003.9,394057232.8,234069765.04999998
Cergo,Unit4,Small,Accidents,2012,0,0,0,0
Cergo,Unit4,Small,Accidents,2013,0,0,0,0
Cergo,Unit4,Small,Accidents,2014,0,0.101508051,0,-2.3907651500000004
Cergo,Unit5,Big,Doctors,2012,769271.0665,1478916.551,4507837.157,10832693.3975
Cergo,Unit5,Big,Doctors,2013,721770.8273,1303606.656,3898286.157,13915433.0725
Cergo,Unit5,Big,Doctors,2014,802216.1137,1068177.025,3609405.8,18014207.91
Cergo,Unit5,Big,Doctors,2015,679497.7025,1059956.216,3520801.607,14352819.635000002
Cergo,Unit5,Big,Doctors,2016,0,532462.0358,1644660.58,12062870.07
Cergo,Unit5,Big,Criminals,2012,397555.4657,82037.76012,317696.4472,2496965.1637500003
Cergo,Unit5,Big,Criminals,2013,9127.381547,94656.16834,376860.6662,2203227.91925
Cergo,Unit5,Big,Criminals,2014,11812.27543,108496.4668,438184.2186,4360504.275
Cergo,Unit5,Big,Criminals,2015,44882.30052,64501.22469,300908.8107,2104533.83175
Cergo,Unit5,Big,Criminals,2016,0,41913.29213,151647.0787,2094856.01675
Cergo,Unit5,Big,Third Party,2012,811295.9268,1313251.9,6948073.875,24077674.785000004
Cergo,Unit5,Big,Third Party,2013,1234136.298,1365629.011,6752547.812,17182204.245
Cergo,Unit5,Big,Third Party,2014,1433827.456,1880487.032,8671842.962,22604890.925
Cergo,Unit5,Big,Third Party,2015,1105232.756,2389468.116,8716695.846,43686896.224999994
Cergo,Unit5,Big,Third Party,2016,0,1043357.587,4256560.211,44905984.3
Cergo,Unit5,Big,Packaging,2012,778777.4798,419310.8029,2363331.162,7120946.6274999995
Cergo,Unit5,Big,Packaging,2013,1467374.543,580207.1297,3737931.476,14022368.549999999
Cergo,Unit5,Big,Packaging,2014,694731.8652,759095.3373,3714107.317,14392329.024999999
Cergo,Unit5,Big,Packaging,2015,946052.7677,722851.2037,3514775.204,14362347.05
Cergo,Unit5,Big,Packaging,2016,0,273966.7604,1153195.122,7139167.524999999
Cergo,Unit5,Big,Travel,2012,42621268.39,28080704.99,96429591.72,-50903986.300000004
Cergo,Unit5,Big,Travel,2013,40590449.09,26362643.49,99449711.62,-12164410.93
Cergo,Unit5,Big,Travel,2014,31839016.36,22564246.07,86177317.97,14655069.31
Cergo,Unit5,Big,Travel,2015,34305316.07,24073586.57,83641535.15,-28287508.099999998
Cergo,Unit5,Big,Travel,2016,0,8900708.082,32579547.98,8042051.794999999
Cergo,Unit5,Big,Combined,2012,12830274.62,8964321.372,37354107.68,30724628.000000004
Cergo,Unit5,Big,Combined,2013,11716895.59,8998594.693,36029906.82,29701852.724999998
Cergo,Unit5,Big,Combined,2014,11674033.6,8316872.368,30412591.64,22488962.697499998
Cergo,Unit5,Big,Combined,2015,10079757.46,9003235.572,34652759.43,46438024.4
Cergo,Unit5,Big,Combined,2016,0,6103747.18,15864134.02,4851912.795
Cergo,Unit5,Big,Housing,2012,190744.3505,556577.5695,1677896.264,-51079526.2
Cergo,Unit5,Big,Housing,2013,583736.768,497399.0854,1600896.059,-19293949.220000003
Cergo,Unit5,Big,Housing,2014,403098.2204,453282.2074,1827585.532,-38082840.474999994
Cergo,Unit5,Big,Housing,2015,163442.0884,784141.5949,1294990.969,-23226421.727500003
Cergo,Unit5,Big,Housing,2016,0,99927.95392,465687.4777,4292425.115
Cergo,Unit5,Big,Accidents,2012,39891157.44,23375054.59,94617421.01,8662223.8175
Cergo,Unit5,Big,Accidents,2013,34047441.15,21445542.98,83098984.93,3046669.2875
Cergo,Unit5,Big,Accidents,2014,32692497.43,21098320.12,71685002.23,-1374788.9567500001
Cergo,Unit5,Big,Accidents,2015,32815409.75,24017269.9,74394262.82,-70452969.825
Cergo,Unit5,Big,Accidents,2016,0,7433446.024,28048686.55,749935.9489999999
Cergo,Unit5,Small,Doctors,2012,674404.5463,939406.708,3585578.343,19256638.8225
Cergo,Unit5,Small,Doctors,2013,880811.1048,910734.2762,3750619.238,13841062.955000002
Cergo,Unit5,Small,Doctors,2014,930055.9378,1004138.125,3314348.7,9039217.2575
Cergo,Unit5,Small,Doctors,2015,856264.6065,1055201.294,3370408.532,8948635.77
Cergo,Unit5,Small,Doctors,2016,1175527.117,1830107.37,5537806.671,6397328.9925
Cergo,Unit5,Small,Criminals,2012,0,495.5262876,5597.413422,57955.099474999995
Cergo,Unit5,Small,Criminals,2013,215.7392749,940.8359311,172.0676301,-35271.751350000006
Cergo,Unit5,Small,Criminals,2014,314.5167975,386.106985,5139.671928,42803.401175
Cergo,Unit5,Small,Criminals,2015,1725.551748,1690.211353,695.1114819,20642.82678
Cergo,Unit5,Small,Criminals,2016,19692.77403,26962.4358,107769.8068,-99288.7527
Cergo,Unit5,Small,Third Party,2012,390134.2611,957768.3005,2998031.532,11175537.9425
Cergo,Unit5,Small,Third Party,2013,388376.3329,899624.6471,3035451.257,14622199.040000001
Cergo,Unit5,Small,Third Party,2014,292019.8487,802815.5089,2705315.344,18007111.110000003
Cergo,Unit5,Small,Third Party,2015,479417.4031,794985.028,2670021.925,14958275.142499998
Cergo,Unit5,Small,Third Party,2016,1599885.898,1611141.983,6150548.248,15308149.1575
Cergo,Unit5,Small,Packaging,2012,27823.57267,72993.92765,257199.0049,1908626.92825
Cergo,Unit5,Small,Packaging,2013,193727.6495,78120.96521,239036.3835,1026901.18525
Cergo,Unit5,Small,Packaging,2014,87410.06329,78568.84023,233443.6947,1101532.03425
Cergo,Unit5,Small,Packaging,2015,59005.40687,81916.73956,219867.0833,600528.9789999999
Cergo,Unit5,Small,Packaging,2016,146795.6033,352318.5095,1152280.54,1009647.9990000001
Cergo,Unit5,Small,Travel,2012,72364664.3,59871448.39,227496020.7,45857619.575
Cergo,Unit5,Small,Travel,2013,83118840.51,62464469.96,238537405.6,162939088.375
Cergo,Unit5,Small,Travel,2014,80430805.7,64116263.88,234907818.7,145562709.625
Cergo,Unit5,Small,Travel,2015,80835106.33,67738747.04,212670703.9,69199044.4
Cergo,Unit5,Small,Travel,2016,97250011.19,74834498.98,264729385.2,5878835.5225
Cergo,Unit5,Small,Combined,2012,13548279.19,16493289.46,61591354.47,81533319.325
Cergo,Unit5,Small,Combined,2013,19188038.13,16498037.58,62121050.62,90345203.6
Cergo,Unit5,Small,Combined,2014,15350069.97,18024555.13,59987832.81,40331749.525
Cergo,Unit5,Small,Combined,2015,13201052.33,17078998.5,61994089.32,88934162.57499999
Cergo,Unit5,Small,Combined,2016,19461121.5,25066174.92,76423776.4,39259141.775000006
Cergo,Unit5,Small,Housing,2012,15792.63223,230435.8797,2332651.66,-36623465.175000004
Cergo,Unit5,Small,Housing,2013,15996.59105,224955.0948,3283845.315,-23333461.445
Cergo,Unit5,Small,Housing,2014,31570.398,198207.205,3631017.346,-48247989.05
Cergo,Unit5,Small,Housing,2015,14503.42423,338835.4604,2967658.616,-26064872.575000003
Cergo,Unit5,Small,Housing,2016,338763.7254,214189.8602,796011.9993,-1806299.348
Cergo,Unit5,Small,Accidents,2012,5454719.745,4010755.295,13067994.49,-11984372.3525
Cergo,Unit5,Small,Accidents,2013,5391679.474,3542244.572,12041665.13,-17937.878015000002
Cergo,Unit5,Small,Accidents,2014,4966392.08,3401553.46,11390433.44,-96471.98615
Cergo,Unit5,Small,Accidents,2015,4928799.624,3990126.416,12833986.97,-12234594.6725
Cergo,Unit5,Small,Accidents,2016,36539755.96,15716879.98,53949855.3,1586414.83625
Cergo,Unit6,Big,Doctors,2012,2288727.28,1866391.165,10051810.6,27678688.75
Cergo,Unit6,Big,Doctors,2013,0,1009425.004,5154917.046,22062648.537499998
Cergo,Unit6,Big,Doctors,2016,2635468.671,1003580.117,3315630.507,0
Cergo,Unit6,Big,Criminals,2012,763505.8169,290013.6324,3692694.65,27522981.675
Cergo,Unit6,Big,Criminals,2013,0,819396.8861,4296210.783,43648425.074999996
Cergo,Unit6,Big,Criminals,2016,861847.032,703367.2618,2036168.618,0
Cergo,Unit6,Big,Third Party,2012,153866193.2,86056953.73,463494636.6,533787713.75
Cergo,Unit6,Big,Third Party,2013,0,42668044.89,209975246.4,455519373.25
Cergo,Unit6,Big,Third Party,2016,155993353.8,56946601.63,178223399.2,0
Cergo,Unit6,Big,Packaging,2012,1588465.882,1450739.055,6215889.604,13721042.9425
Cergo,Unit6,Big,Packaging,2013,0,814112.3897,4133692.156,18591418.59
Cergo,Unit6,Big,Packaging,2016,5481527.505,1886476.278,6657910.925,0
Cergo,Unit6,Big,Travel,2012,24779289.47,12671424.42,73256761.32,64425589.475
Cergo,Unit6,Big,Travel,2013,0,5533542.121,32751527.38,32750050.05
Cergo,Unit6,Big,Travel,2016,39880841.71,14376090.22,53709895.46,0
Cergo,Unit6,Big,Combined,2012,0,0,0,0
Cergo,Unit6,Big,Combined,2013,0,0,0,0
Cergo,Unit6,Big,Housing,2012,40599001,39328456.48,162256404,224529125.1
Cergo,Unit6,Big,Housing,2013,0,18802716.3,80116515.67,245092307.925
Cergo,Unit6,Big,Housing,2016,39473618.12,20126805.5,63566446.79,0
Cergo,Unit6,Big,Accidents,2012,0,0,0,0
Cergo,Unit6,Big,Accidents,2013,0,0,0,0
Cergo,Unit6,Big,Accidents,2016,18.10467175,18698.05267,81013.67536,0
Cergo,Unit6,Big,Doctors,2012,3856343.849,5187327.148,14615503.18,61558860.49999999
Cergo,Unit6,Big,Doctors,2013,11242674.9,8078931.063,17436880.06,48420175.575
Cergo,Unit6,Big,Doctors,2014,10957543.85,9070894.913,22032748.36,23562761.365000002
Cergo,Unit6,Big,Doctors,2015,4706114.411,6893097.306,15530646.28,4719149.7825
Cergo,Unit6,Big,Doctors,2016,0,3003401.527,8460812.055,27046344.300000004
Cergo,Unit6,Big,Criminals,2012,763442.3796,1972297.778,1730931.422,-13834733.962499999
Cergo,Unit6,Big,Criminals,2013,1324850.456,19243.19598,854684.6838,12133842.4
Cergo,Unit6,Big,Criminals,2014,148309.5139,379982.8423,1069112.879,-21182334.83
Cergo,Unit6,Big,Criminals,2015,327522.0613,35350.73762,631126.1957,0.8021264
Cergo,Unit6,Big,Criminals,2016,0,65605.6161,250943.0934,-192119.881875
Cergo,Unit6,Big,Third Party,2012,11047276,21361692.33,61152941.24,215940840.29999998
Cergo,Unit6,Big,Third Party,2013,14048938.28,35600127.97,65966691.63,85812366.125
Cergo,Unit6,Big,Third Party,2014,11553426.11,28742859.49,65407341.07,103589280.6
Cergo,Unit6,Big,Third Party,2015,13029368.81,33042667.74,70347443.85,37238246.75000001
Cergo,Unit6,Big,Third Party,2016,0,17193545.16,42212843.34,255311402.5
Cergo,Unit6,Big,Packaging,2012,3971412.397,5551215.524,16343409.55,39499723.12500001
Cergo,Unit6,Big,Packaging,2013,5112241.14,6399402.155,17690114.18,24771996.2125
Cergo,Unit6,Big,Packaging,2014,4832761.171,6726915.739,16663006.28,-3753556.5275
Cergo,Unit6,Big,Packaging,2015,6455037.174,7665058.413,17397664.7,-1325104.15925
Cergo,Unit6,Big,Packaging,2016,0,2884768.175,8337136.692,2297736.6
Cergo,Unit6,Big,Travel,2012,52011.72146,38238.44464,171752.1638,481230.81775000005
Cergo,Unit6,Big,Travel,2013,216146.7657,178729.0497,376078.1133,935952.313
Cergo,Unit6,Big,Travel,2014,1772314.582,1204455.833,4977679.609,2322985.0925000003
Cergo,Unit6,Big,Travel,2015,3993747.451,2956034.237,8369121.84,-3218238.9699999997
Cergo,Unit6,Big,Travel,2016,0,1534684.031,4796171.254,-2498797.312
Cergo,Unit6,Big,Combined,2012,0,0,0,0
Cergo,Unit6,Big,Combined,2013,0,0,0,0
Cergo,Unit6,Big,Housing,2012,52140458.23,86135942.82,217589288.7,377735717.75
Cergo,Unit6,Big,Housing,2013,51548916.23,102901129.1,212328648.4,304549269
Cergo,Unit6,Big,Housing,2014,53716707.41,100336246.9,200904084.6,-21908325.33
Cergo,Unit6,Big,Housing,2015,69458429.79,101988050,206086828.7,47521514.6
Cergo,Unit6,Big,Housing,2016,0,51146295.16,117998387.1,116943549.2
Cergo,Unit6,Big,Accidents,2012,0,0,0,0
Cergo,Unit6,Big,Accidents,2013,0,0,0,0
Cergo,Unit6,Big,Accidents,2014,0,0.092863782,0,-2.111257725
Cergo,Unit6,Small,Doctors,2012,5444367.025,7935107.781,21513314.07,63465455.275
Cergo,Unit6,Small,Doctors,2013,3997962.797,6914533.401,19671849.04,68049266.825
Cergo,Unit6,Small,Doctors,2014,3919400.271,5691382.63,15034199.54,14946766.459999999
Cergo,Unit6,Small,Doctors,2015,3445925.632,5127924.362,14367063.91,13045518.5075
Cergo,Unit6,Small,Doctors,2016,5845057.28,7114414.996,18877269.76,7303294.645
Cergo,Unit6,Small,Criminals,2012,0,0,0,0
Cergo,Unit6,Small,Criminals,2013,0,4527.05187,0,0
Cergo,Unit6,Small,Criminals,2014,0,6062.226126,0,0
Cergo,Unit6,Small,Criminals,2015,0,40530.90994,0,0
Cergo,Unit6,Small,Criminals,2016,56752.00495,198497.2936,136538.3971,0
Cergo,Unit6,Small,Third Party,2012,873110.072,3259561.312,7081935.781,29777421.2
Cergo,Unit6,Small,Third Party,2013,643352.592,2669373.604,5403805.31,16564031.875
Cergo,Unit6,Small,Third Party,2014,273722.4426,2283522.59,3561126.337,-4223352.649999999
Cergo,Unit6,Small,Third Party,2015,179047.1033,1820377.913,4281620.717,30557940.725
Cergo,Unit6,Small,Third Party,2016,13981581.81,16090548.32,42071204.25,7829744.592500001
Cergo,Unit6,Small,Packaging,2012,940552.5731,1314879.639,3891918.654,17874542.905
Cergo,Unit6,Small,Packaging,2013,1236621.891,1112343.99,3191968.722,12824666.2975
Cergo,Unit6,Small,Packaging,2014,1092664.747,1114629.243,3123636.929,1368031.033
Cergo,Unit6,Small,Packaging,2015,792249.2462,1179073.703,2712871.836,-1352598.8485
Cergo,Unit6,Small,Packaging,2016,6056566.661,4302878.792,11514562.29,2916252.4450000003
Cergo,Unit6,Small,Travel,2012,343870418.7,297067798.2,991540714.7,112219240.92500001
Cergo,Unit6,Small,Travel,2013,279884053.4,268686449.2,899499328.8,395053428.50000006
Cergo,Unit6,Small,Travel,2014,277124816.1,290710970.6,827505056.8,32500980.825
Cergo,Unit6,Small,Travel,2015,267039431.5,279033660.7,855895560,41874338.8
Cergo,Unit6,Small,Travel,2016,256184072.2,255696312.9,791957212,56417547.47500001
Cergo,Unit6,Small,Combined,2012,0,0,0,0
Cergo,Unit6,Small,Combined,2013,0,0,0,0
Cergo,Unit6,Small,Housing,2012,108162246.1,177689150.4,441878174.7,317290286.25
Cergo,Unit6,Small,Housing,2013,107993707.8,176229249.6,397343968.9,250271197
Cergo,Unit6,Small,Housing,2014,111287024,200887707.2,393644754.2,52728797.55
Cergo,Unit6,Small,Housing,2015,120247936.7,236702878.1,449673129.2,144019164.325
Cergo,Unit6,Small,Housing,2016,178346943.5,303600052,590093740.5,-97677208.10000001
Cergo,Unit6,Small,Accidents,2012,0,0,0,0
Cergo,Unit6,Small,Accidents,2013,0,0,0,0
Alandia,Unit7,Big,Doctors,2012,139815377.5,47273304.26,314251993.1,36763730.65
Alandia,Unit7,Big,Doctors,2013,0,27054883.44,171198224.1,81619179.7
Alandia,Unit7,Big,Doctors,2016,138760666.1,26564454.83,163799446.3,0
Alandia,Unit7,Big,Criminals,2012,478882.2022,1621216.225,4199617.813,19018986.9475
Alandia,Unit7,Big,Criminals,2013,0,965528.2202,1871871.237,8951160.41
Alandia,Unit7,Big,Criminals,2016,1104140.904,918201.8926,4603869.861,0
Alandia,Unit7,Big,Third Party,2012,71543186.13,72828889.5,260521791.7,164437999.275
Alandia,Unit7,Big,Third Party,2013,0,44102783.51,133954280.4,160312042.95
Alandia,Unit7,Big,Third Party,2016,68680600.04,44310597.41,117935085.5,0
Alandia,Unit7,Big,Packaging,2012,10677930.56,9584188.279,26469783.83,2131995.5464999997
Alandia,Unit7,Big,Packaging,2013,0,4580095.401,13049227.11,17083294.895
Alandia,Unit7,Big,Packaging,2016,5390251.603,3717073.129,11012826.16,0
Alandia,Unit7,Big,Travel,2012,9358690.412,7513679.533,29602057.2,45373619.925
Alandia,Unit7,Big,Travel,2013,0,4426914.663,14948738.95,15171661.562500002
Alandia,Unit7,Big,Travel,2016,9401258.338,6121719.526,15014561.89,0
Alandia,Unit7,Big,Combined,2012,0,0,0,0
Alandia,Unit7,Big,Combined,2013,0,0,0,0
Alandia,Unit7,Big,Housing,2012,103008700.4,75543914.19,206582891.3,341951719
Alandia,Unit7,Big,Housing,2013,0,33883319.55,90330605.87,233411569.4
Alandia,Unit7,Big,Housing,2016,29379591.98,36483798.51,98089310.7,0
Alandia,Unit7,Big,Accidents,2012,0,0,0,0
Alandia,Unit7,Big,Accidents,2013,0,0,0,0
Alandia,Unit7,Big,Doctors,2012,353001744.1,212199376.5,948091135.3,380196802.25
Alandia,Unit7,Big,Doctors,2013,354275619.3,212124129.4,969867412.7,317634859.25
Alandia,Unit7,Big,Doctors,2014,347372180.3,249988286.6,894172022.5,-557688360.25
Alandia,Unit7,Big,Doctors,2015,348276421.9,198074792.1,874911169.5,-46628725.449999996
Alandia,Unit7,Big,Doctors,2016,0,115981103.4,417615897.9,-526599918.49999994
Alandia,Unit7,Big,Criminals,2012,2570377.793,8250915.956,18631805.41,104865194.54999998
Alandia,Unit7,Big,Criminals,2013,7229533.536,14269715.87,29481837.86,73380740.975
Alandia,Unit7,Big,Criminals,2014,7262090.785,14427039.39,40031303.98,111608395.675
Alandia,Unit7,Big,Criminals,2015,10237657.48,15964128.78,48291416.59,111941783.275
Alandia,Unit7,Big,Criminals,2016,0,11957072.7,21776898.55,-20914195.5725
Alandia,Unit7,Big,Third Party,2012,87856333.09,101111363.6,301730127.8,311386943
Alandia,Unit7,Big,Third Party,2013,92206892.91,104451371,301233722.1,306299266.25
Alandia,Unit7,Big,Third Party,2014,83801142.77,119400767.5,299817669.1,-78356476.525
Alandia,Unit7,Big,Third Party,2015,115168538.2,96634380.05,367263974.8,302567957.25
Alandia,Unit7,Big,Third Party,2016,0,52128893.08,177356491.2,405896101.5
Alandia,Unit7,Big,Packaging,2012,4526221.341,10931458.18,27978214.79,117913052.49999999
Alandia,Unit7,Big,Packaging,2013,4706523.335,10291697.87,24206427.64,84112154.2
Alandia,Unit7,Big,Packaging,2014,3586586.055,13646930.28,26284505.84,52396754.275
Alandia,Unit7,Big,Packaging,2015,3394999.645,11509846.32,24277620.32,78741515.575
Alandia,Unit7,Big,Packaging,2016,0,5939524.833,12289889.19,50907791.5
Alandia,Unit7,Big,Travel,2012,65402853.41,53756599.53,174342318.1,32426911.200000003
Alandia,Unit7,Big,Travel,2013,57428884.07,55087384.59,167289529.7,29080872.475
Alandia,Unit7,Big,Travel,2014,54892014.39,61547286.08,174880148.1,-86007186.6
Alandia,Unit7,Big,Travel,2015,60387325.75,55264757.27,183709885,96032432.44999999
Alandia,Unit7,Big,Travel,2016,0,30828518.72,99662312.81,131724649.05000001
Alandia,Unit7,Big,Combined,2012,0,0,0,0
Alandia,Unit7,Big,Combined,2013,0,0,0,0
Alandia,Unit7,Big,Housing,2012,89430525.73,92271073.33,269011945,564348336.2499999
Alandia,Unit7,Big,Housing,2013,82387577.96,92500124.76,281701600.5,392208833.25
Alandia,Unit7,Big,Housing,2014,71765514.39,106595699.1,278784264.3,143014962.75
Alandia,Unit7,Big,Housing,2015,95735742.23,118132662,378519376.2,433151609
Alandia,Unit7,Big,Housing,2016,0,63642172.49,180345611.7,312742306.75
Alandia,Unit7,Big,Accidents,2012,0,0,0,0
Alandia,Unit7,Big,Accidents,2013,0,0,0,0
Alandia,Unit7,Big,Accidents,2014,0,0.071119786,0,-1.797617425
Alandia,Unit7,Small,Doctors,2012,11331693.7,9068991.01,41265526.95,24107043.4775
Alandia,Unit7,Small,Doctors,2013,10429478.13,8480143.164,39177865.5,103963913.25
Alandia,Unit7,Small,Doctors,2014,9688553.211,11576118.85,37316543.06,68532190.125
Alandia,Unit7,Small,Doctors,2015,10974205.32,9388128.102,33286414.63,111417222.175
Alandia,Unit7,Small,Doctors,2016,353220767.5,114803514.3,447965829.6,51952753.05
Alandia,Unit7,Small,Criminals,2012,0,0,0,0
Alandia,Unit7,Small,Criminals,2013,0,0,0,0
Alandia,Unit7,Small,Criminals,2014,0,46459.74026,98715.23585,209461.322425
Alandia,Unit7,Small,Criminals,2015,0,0,0,0
Alandia,Unit7,Small,Criminals,2016,16180853.43,11360812.95,28487017.07,0
Alandia,Unit7,Small,Third Party,2012,35166487.43,46379180.53,143405008.9,323208013.24999994
Alandia,Unit7,Small,Third Party,2013,35822990.58,48162895.18,150091893.8,290869960
Alandia,Unit7,Small,Third Party,2014,40198429.51,56163285.92,142485816.7,240941889.00000003
Alandia,Unit7,Small,Third Party,2015,15279641.88,50232096.86,102806481.5,314088275
Alandia,Unit7,Small,Third Party,2016,120431095.4,108521161.5,271885294.6,203885085.9
Alandia,Unit7,Small,Packaging,2012,2342203.126,3233659.624,9200916.591,28890669.25
Alandia,Unit7,Small,Packaging,2013,2622812.613,3444326.892,9995561.999,36260946.55
Alandia,Unit7,Small,Packaging,2014,2152056.415,4450693.652,9785709.058,18712150.79
Alandia,Unit7,Small,Packaging,2015,1295798.359,3264134.464,8193248.645,20320819.544999998
Alandia,Unit7,Small,Packaging,2016,5235400.183,9865050.581,20783800.93,9735439.1125
Alandia,Unit7,Small,Travel,2012,640589615.6,764384702.9,2213163861,2514329255
Alandia,Unit7,Small,Travel,2013,581496556.7,734849327.5,2266570774,3498137595
Alandia,Unit7,Small,Travel,2014,565164272.8,861605764.6,2099053327,2615750370
Alandia,Unit7,Small,Travel,2015,540758262.3,934250718.3,2224299052,2000559679
Alandia,Unit7,Small,Travel,2016,615421938.1,849463509.9,2273357874,2583991060
Alandia,Unit7,Small,Combined,2012,0,0,0,0
Alandia,Unit7,Small,Combined,2013,0,0,0,0
Alandia,Unit7,Small,Housing,2012,109062575.3,128980399.4,360821743.3,783105834.5
Alandia,Unit7,Small,Housing,2013,121066370.6,135391526.2,397919421.6,566976259
Alandia,Unit7,Small,Housing,2014,107960976.7,162103157.5,391294313.3,60649417.449999996
Alandia,Unit7,Small,Housing,2015,87890096.85,154253997.5,330044639.5,-55966402.525
Alandia,Unit7,Small,Housing,2016,179880122.8,209417761.1,551023448,40996339.699999996
Alandia,Unit7,Small,Accidents,2012,0,0,0,0
Alandia,Unit7,Small,Accidents,2013,0,0,0,0
Belandia,Unit8,Big,Doctors,2012,1912293.368,2457548.723,12140321.89,54549954.425000004
Belandia,Unit8,Big,Doctors,2013,0,1929853.496,6583768.076,29636375
Belandia,Unit8,Big,Doctors,2016,12814452.58,9525610.57,20410955.44,0
Belandia,Unit8,Big,Criminals,2012,12713407.14,3698643.188,16141784.1,95770116.55000001
Belandia,Unit8,Big,Criminals,2013,0,2365988.832,10231118.35,66581998.64999999
Belandia,Unit8,Big,Criminals,2016,7009124.455,14908203.31,32360837.93,0
Belandia,Unit8,Big,Third Party,2012,147502668.6,106053680.5,397882110.2,434407885.25
Belandia,Unit8,Big,Third Party,2013,0,52847342.8,236010735.7,600997602
Belandia,Unit8,Big,Third Party,2016,314142846.2,162714869.9,474658208.2,0
Belandia,Unit8,Big,Packaging,2012,42438201.95,27674702.15,87431860.38,50245473.925
Belandia,Unit8,Big,Packaging,2013,0,13105820.19,50455297.38,89137212.77499999
Belandia,Unit8,Big,Packaging,2016,36412558.75,14146587.39,37177479.33,0
Belandia,Unit8,Big,Travel,2012,57080327.79,35321661.95,156236027.1,43359204.12500001
Belandia,Unit8,Big,Travel,2013,0,21050504.86,89501885.3,62949011.925
Belandia,Unit8,Big,Travel,2016,215834184.7,92765535.92,278194267.5,0
Belandia,Unit8,Big,Combined,2012,0,0,0,0
Belandia,Unit8,Big,Combined,2013,0,0,0,0
Belandia,Unit8,Big,Combined,2016,17368246.76,17541501.89,34413360.14,0
Belandia,Unit8,Big,Housing,2012,122822623.8,101505548.4,450774845.7,449507017
Belandia,Unit8,Big,Housing,2013,0,37541346.24,188567616.5,541344738
Belandia,Unit8,Big,Housing,2016,249237530.4,259735369.5,549320261.6,0
Belandia,Unit8,Big,Accidents,2012,59440056.12,24429486.36,147649836.9,143958430.87500003
Belandia,Unit8,Big,Accidents,2013,0,13091450.79,84852602.8,258868644.24999997
Belandia,Unit8,Big,Accidents,2016,169901437.3,75691266.66,238206481.1,0
Belandia,Unit8,Big,Doctors,2012,2857009.937,7814208.156,20711489.41,119660344.5
Belandia,Unit8,Big,Doctors,2013,3321396.068,7248852.052,21320694.75,111287548.92500001
Belandia,Unit8,Big,Doctors,2014,4042006.948,15255848.88,28098053.12,74429373.05
Belandia,Unit8,Big,Doctors,2015,6591365.037,13598162.4,29465978.46,127235660.65
Belandia,Unit8,Big,Doctors,2016,0,7255308.621,14441921.16,35152377
Belandia,Unit8,Big,Criminals,2012,6276397.102,19470213.68,36501801.78,61332745.4
Belandia,Unit8,Big,Criminals,2013,6982170.759,23258481.52,40448889.68,87538296.35
Belandia,Unit8,Big,Criminals,2014,6596529.538,25963821.81,47678513.32,65750794.62500001
Belandia,Unit8,Big,Criminals,2015,7926983.261,32877146.55,62033373.68,110646049.17500001
Belandia,Unit8,Big,Criminals,2016,0,16220316.07,31311426.37,163756433.65
Belandia,Unit8,Big,Third Party,2012,227007569.3,210841876.1,661477812.1,-178207258.525
Belandia,Unit8,Big,Third Party,2013,254251914.6,211770000.6,674126562.7,-162177661.77499998
Belandia,Unit8,Big,Third Party,2014,254155630.7,245235146.3,735968154.6,-325805989.25
Belandia,Unit8,Big,Third Party,2015,275441693,254729546.6,736511544,-109987660.87499999
Belandia,Unit8,Big,Third Party,2016,0,121741638.9,338563828.4,-542697661.0000001
Belandia,Unit8,Big,Packaging,2012,3368915.851,6094310.961,12763283.09,5638093.66
Belandia,Unit8,Big,Packaging,2013,4983801.44,7119710.26,14661344.67,6515848.4799999995
Belandia,Unit8,Big,Packaging,2014,4188144.047,8545664.089,16951271.87,-5088528.845
Belandia,Unit8,Big,Packaging,2015,4702905.968,8937719.705,18647408.86,7492028.5475
Belandia,Unit8,Big,Packaging,2016,0,5327737.146,10064420.64,4603576.6975
Belandia,Unit8,Big,Travel,2012,282092822.1,184127044.2,656668054.3,-75509244.775
Belandia,Unit8,Big,Travel,2013,223548883.3,210373973.3,695846198.9,143570378.85
Belandia,Unit8,Big,Travel,2014,243595155.9,221211570.3,658113555.1,-272127104
Belandia,Unit8,Big,Travel,2015,239825875.8,218706895,687228503.8,-54270474.95
Belandia,Unit8,Big,Travel,2016,0,104792443.2,321834063.3,-139466063.675
Belandia,Unit8,Big,Combined,2012,21095371.1,37356709.34,80549084.36,-52435380.07500001
Belandia,Unit8,Big,Combined,2013,18679383.22,40774985.78,80098374.12,19522876.425
Belandia,Unit8,Big,Combined,2014,18019089.58,47320640.2,82966010.85,-48610287.85
Belandia,Unit8,Big,Combined,2015,20236414.06,49068266.01,91641939.3,19311573.1775
Belandia,Unit8,Big,Combined,2016,0,21879056.27,42157933.71,-33365022.875000004
Belandia,Unit8,Big,Housing,2012,357688616.1,493652415.7,1321417013,1511205160
Belandia,Unit8,Big,Housing,2013,330905644.2,506717409.7,1315870681,1396931768.5
Belandia,Unit8,Big,Housing,2014,239691052.3,509748144.2,1321532727,228767428.975
Belandia,Unit8,Big,Housing,2015,512815478.5,526350188.1,1224790310,1100528966.7500002
Belandia,Unit8,Big,Housing,2016,0,262548760.4,677344822.5,1752153338.7499998
Belandia,Unit8,Big,Accidents,2012,146887366.4,123332590.8,385426399.6,-292514213.75
Belandia,Unit8,Big,Accidents,2013,171020581.9,121743284.3,428624577.5,-68712960.67500001
Belandia,Unit8,Big,Accidents,2014,174190975.8,137396026.9,424368315.2,-362254410.5
Belandia,Unit8,Big,Accidents,2015,155000703,136697735.9,424510653.2,-186280963.625
Belandia,Unit8,Big,Accidents,2016,0,66265767.64,196072677.9,-374384473.75
Belandia,Unit8,Small,Doctors,2012,503765.0414,2128813.305,3365937.922,6671050.8149999995
Belandia,Unit8,Small,Doctors,2013,463639.7356,2039827.938,3390881.358,11824267.6075
Belandia,Unit8,Small,Doctors,2014,422804.0208,2043629.656,2856441.632,7394453.7675
Belandia,Unit8,Small,Doctors,2015,341673.0363,1349825.175,2265900.258,2175779.3687500004
Belandia,Unit8,Small,Doctors,2016,1551935.673,3117173.019,7298595.11,864378.2934999999
Belandia,Unit8,Small,Criminals,2012,80886.6447,143036.9149,152817.9269,-563996.58375
Belandia,Unit8,Small,Criminals,2013,58109.71381,46811.34939,240429.6493,83423.88585
Belandia,Unit8,Small,Criminals,2014,124280.2689,18933.89363,3131790.988,208995.008
Belandia,Unit8,Small,Criminals,2015,22020.77367,42056.13132,194125.587,862321.4352499999
Belandia,Unit8,Small,Criminals,2016,2655408.986,2022430.735,9218008.911,242322.035625
Belandia,Unit8,Small,Third Party,2012,0,10354.00237,0,0
Belandia,Unit8,Small,Third Party,2013,0,0,0,0
Belandia,Unit8,Small,Third Party,2014,0,0.09339967,0,-2.4085221000000003
Belandia,Unit8,Small,Third Party,2015,24.1711094,54976.45731,0,0
Belandia,Unit8,Small,Third Party,2016,133172092.8,24590286.76,116819028.8,-549202.08675
Belandia,Unit8,Small,Packaging,2012,24433600.72,25300291.68,73524194.67,45519469.625
Belandia,Unit8,Small,Packaging,2013,25488624.83,24650379.11,78972185.87,63788004.9
Belandia,Unit8,Small,Packaging,2014,22101657.64,25798379.12,71825894.89,39000815.375
Belandia,Unit8,Small,Packaging,2015,19081949.44,31130529.57,70218844.6,-40033601.725
Belandia,Unit8,Small,Packaging,2016,21143997.16,28065084.76,71800433.95,31970062.274999995
Belandia,Unit8,Small,Travel,2012,168414236.2,200961947.3,559730848.2,154423064.04999998
Belandia,Unit8,Small,Travel,2013,131579543.3,147532322.1,480841339.4,53736626.37500001
Belandia,Unit8,Small,Travel,2014,154443092.9,142746683.9,431332575.2,-139913092.175
Belandia,Unit8,Small,Travel,2015,183317950.2,136789603,450620550.9,-112527568.44999999
Belandia,Unit8,Small,Travel,2016,231198333.6,162285525.4,477461298.4,-192545790.27499998
Belandia,Unit8,Small,Combined,2012,0,2138.775089,0,0
Belandia,Unit8,Small,Combined,2013,0,0,0,0
Belandia,Unit8,Small,Combined,2014,0,0,0,0
Belandia,Unit8,Small,Combined,2016,0.02722845,1.227544955,0.147948228,0
Belandia,Unit8,Small,Housing,2012,128575780.1,233295622.7,532557972.5,343730751.25000006
Belandia,Unit8,Small,Housing,2013,95196339.62,212887445.8,513418441.2,413636711.50000006
Belandia,Unit8,Small,Housing,2014,102820883.1,260052563.3,481102454.2,-373616470.75
Belandia,Unit8,Small,Housing,2015,114099457.6,203467198.3,421635525.9,313332458.5
Belandia,Unit8,Small,Housing,2016,219498623,246911892.2,665244106.2,35070647.2
Belandia,Unit8,Small,Accidents,2012,0,7774.841144,0,0
Belandia,Unit8,Small,Accidents,2013,0,0,0,0
Belandia,Unit8,Small,Accidents,2015,0,153.4775808,3931.109946,9697.923325
Belandia,Unit8,Small,Accidents,2016,48524157.05,10723504.18,53163710.4,0
