Region,Unit,Segment,Business,Year,Losses,Expenses,Premium,UWR[Plan]
Alandia,Unit1,Big,Doctors,2012,0,-38128.56228,0,0
Alandia,Unit1,Big,Doctors,2013,0,0,0,0
Alandia,Unit1,Big,Criminals,2012,0,140694.6451,0,0
Alandia,Unit1,Big,Criminals,2013,0,0,0,0
Alandia,Unit1,Big,Third Party,2012,3261072.951,1217174.711,5079637.026,0
Alandia,Unit1,Big,Third Party,2013,0,1789936.415,5169344.553,122975.6898
Alandia,Unit1,Big,Packaging,2012,479087.2001,202206.8592,648345.1743,0
Alandia,Unit1,Big,Packaging,2013,0,67449.24002,798979.6779,39516.69494
Alandia,Unit1,Big,Travel,2012,0,0,0,0
Alandia,Unit1,Big,Travel,2013,0,-462237.0912,0,463857.3961
Alandia,Unit1,Big,NA,2012,0,0,0,0
Alandia,Unit1,Big,NA,2013,0,0,0,0
Alandia,Unit1,Big,NA,2012,549329.6324,-582314.162,645730.0857,0
Alandia,Unit1,Big,NA,2013,0,-169487.8936,0,181000.2804
Alandia,Unit1,Big,Combined,2012,0,0,0,0
Alandia,Unit1,Big,Combined,2013,0,0,0,0
Alandia,Unit1,Big,Housing,2012,5443467.888,1525101.087,5754297.342,0
Alandia,Unit1,Big,Housing,2013,0,2487200.537,6514247.38,161065.3261
Alandia,Unit1,Big,Accidents,2012,0,0,0,0
Alandia,Unit1,Big,Accidents,2013,0,0,0,0
Alandia,Unit1,Big,Doctors,2012,1437445.824,2522140.169,8589208.149,1543621.409
Alandia,Unit1,Big,Doctors,2013,2048090.398,2759065.445,8148945.7,1501600.753
Alandia,Unit1,Big,Doctors,2014,1705492.86,2679480.214,8305023.664,1017673.464
Alandia,Unit1,Big,Doctors,2015,3386872.922,3586482.641,9550875.274,1370273.085
Alandia,Unit1,Big,Doctors,2016,0,1715685.574,4716616.532,929679.29
Alandia,Unit1,Big,Criminals,2012,0,0,0,0
Alandia,Unit1,Big,Criminals,2013,0,0,0,0
Alandia,Unit1,Big,Criminals,2014,0,0.021381029,0,-0.022661836
Alandia,Unit1,Big,Third Party,2012,18667926.85,17688066.73,60991247.55,4750599.455
Alandia,Unit1,Big,Third Party,2013,26655587.79,21919046.83,66653722.64,2345836.174
Alandia,Unit1,Big,Third Party,2014,19309082.97,22659417.06,68017658.37,1173432.812
Alandia,Unit1,Big,Third Party,2015,18557372.27,24950049.45,66639123.47,1791406.047
Alandia,Unit1,Big,Third Party,2016,0,13810379.79,36130508.09,2476951.537
Alandia,Unit1,Big,Packaging,2012,5270225.99,5641337.257,18337239.7,1120733.566
Alandia,Unit1,Big,Packaging,2013,6071769.604,6058273.491,19375890.62,-15280.12785
Alandia,Unit1,Big,Packaging,2014,5315325.439,7846123.818,21055620.46,86629.44711
Alandia,Unit1,Big,Packaging,2015,7061044.363,7952297.511,21377725.77,1323294.867
Alandia,Unit1,Big,Packaging,2016,0,3859486.185,10609697.63,1290727.839
Alandia,Unit1,Big,Travel,2012,43472678.3,30424708.9,120644523.3,2354751.775
Alandia,Unit1,Big,Travel,2013,49287345.68,33837568.06,123679554.2,3595301.904
Alandia,Unit1,Big,Travel,2014,43699794,36691024.14,131840881.2,-1328579.26
Alandia,Unit1,Big,Travel,2015,41961434.32,41013693.17,136486704.6,49861.53416
Alandia,Unit1,Big,Travel,2016,0,20438917.85,66882955.68,661959.2963
Alandia,Unit1,Big,NA,2012,0,0,0,0
Alandia,Unit1,Big,NA,2013,0,0,0,0
Alandia,Unit1,Big,NA,2014,0,-2.770772833,0,2.803438185
Alandia,Unit1,Big,NA,2015,0,74668.80706,0,-72665.34422
Alandia,Unit1,Big,NA,2016,0,0,0,0
Alandia,Unit1,Big,NA,2012,10852114.3,11459956.11,31747779.16,1633093.684
Alandia,Unit1,Big,NA,2013,12436216.14,13993272.91,37465507.25,96440.20688
Alandia,Unit1,Big,NA,2014,15225972.84,16444292.73,41953370.88,-155241.8845
Alandia,Unit1,Big,NA,2015,12751848.71,17877972.86,43913598.68,-261652.1086
Alandia,Unit1,Big,NA,2016,0,8238657.598,16847236.78,-451080.2465
Alandia,Unit1,Big,Combined,2012,0,0,0,0
Alandia,Unit1,Big,Combined,2013,0,0,0,0
Alandia,Unit1,Big,Housing,2012,35317959.18,29724870.2,92515236.23,4491464.582
Alandia,Unit1,Big,Housing,2013,37636221.26,35731593.14,99125936.47,4292171.977
Alandia,Unit1,Big,Housing,2014,31579682.87,37858142.18,108700289,1605312.56
Alandia,Unit1,Big,Housing,2015,30052918.04,39685444.67,110392457,1687421.59
Alandia,Unit1,Big,Housing,2016,0,21091786.29,55811236.3,998046.782
Alandia,Unit1,Big,Accidents,2012,0,0,0,0
Alandia,Unit1,Big,Accidents,2013,0,0,0,0
Alandia,Unit1,Small,Doctors,2012,19988407.6,24136510.67,78773729.26,4298095.021
Alandia,Unit1,Small,Doctors,2013,23971443.01,28704088,86022217.88,4622699.46
Alandia,Unit1,Small,Doctors,2014,26113739.33,29344370.01,93592328.6,3838733.336
Alandia,Unit1,Small,Doctors,2015,28356263.56,36164371.18,90668693.52,3318744.818
Alandia,Unit1,Small,Doctors,2016,32045088.93,38927443.49,107044425.7,2544606.042
Alandia,Unit1,Small,Criminals,2012,0,0,0,0
Alandia,Unit1,Small,Criminals,2013,0,0,0,0
Alandia,Unit1,Small,Criminals,2014,0,-0.04303504,0,0.045198489
Alandia,Unit1,Small,Third Party,2012,1527834.835,3585313.29,9792553.428,980927.0153
Alandia,Unit1,Small,Third Party,2013,1393035.507,3674619.731,10850963.68,2146029.504
Alandia,Unit1,Small,Third Party,2014,1590497.725,4176745.449,11564916.01,1958666.25
Alandia,Unit1,Small,Third Party,2015,1360954.22,4074629.112,11075970.66,1816943.674
Alandia,Unit1,Small,Third Party,2016,17207545.73,15974431.78,41835640.49,2026980.827
Alandia,Unit1,Small,Packaging,2012,346589.182,567622.2225,1415299.444,94031.33266
Alandia,Unit1,Small,Packaging,2013,308399.7306,896714.3028,2101978.039,445738.2219
Alandia,Unit1,Small,Packaging,2014,118565.9219,640731.9396,1577137.176,171712.0938
Alandia,Unit1,Small,Packaging,2015,86015.25584,292294.6157,742538.713,116494.6685
Alandia,Unit1,Small,Packaging,2016,5663979.747,4254442.845,11618512.76,425817.2913
Alandia,Unit1,Small,Travel,2012,97596003.81,80146480.91,286719450.8,5035033.951
Alandia,Unit1,Small,Travel,2013,105637194.6,84386936.84,305957642.5,9201044.941
Alandia,Unit1,Small,Travel,2014,97922323.92,94723303.75,297210867.3,3956193.588
Alandia,Unit1,Small,Travel,2015,105772367.1,109562387,334097867.1,1853194.364
Alandia,Unit1,Small,Travel,2016,152825291,121450563.4,386282122.5,24673.69878
Alandia,Unit1,Small,NA,2012,0,0,0,0
Alandia,Unit1,Small,NA,2013,0,0.034254671,0,0
Alandia,Unit1,Small,NA,2014,0,0.812815448,0,-0.824590307
Alandia,Unit1,Small,NA,2015,0,130433.9181,0,-131781.9659
Alandia,Unit1,Small,NA,2016,0,0,0,0
Alandia,Unit1,Small,NA,2012,9593148.699,12332256.16,34019487.28,1890774.85
Alandia,Unit1,Small,NA,2013,11156765.55,13813600.39,37106361.19,2337747.812
Alandia,Unit1,Small,NA,2014,13726477.08,17665977.97,42080882.64,883833.2637
Alandia,Unit1,Small,NA,2015,15757286.11,18709227.84,51375125.84,667787.9625
Alandia,Unit1,Small,NA,2016,28760771.68,28237639.2,71702923.9,543354.7605
Alandia,Unit1,Small,Combined,2012,0,0,0,0
Alandia,Unit1,Small,Combined,2013,0,0,0,0
Alandia,Unit1,Small,Housing,2012,36808438.03,35450286.13,107038820.6,3633163.532
Alandia,Unit1,Small,Housing,2013,37337931.05,40788729.11,113911864.8,-1058315.944
Alandia,Unit1,Small,Housing,2014,31921072.39,41354691.82,115788617.9,-1806107.338
Alandia,Unit1,Small,Housing,2015,38814690.5,45360154.54,122451314.2,-2917943.432
Alandia,Unit1,Small,Housing,2016,63406295.59,65418770.66,175270973.2,82668.18647
Alandia,Unit1,Small,Accidents,2012,0,0,0,0
Alandia,Unit1,Small,Accidents,2013,0,0,0,0
Alandia,Unit2,Big,Doctors,2012,1275902.842,1269244.422,4832391.659,-7650.246431
Alandia,Unit2,Big,Doctors,2013,0,545809.1275,1874927.877,-71336.01237
Alandia,Unit2,Big,Doctors,2016,1440502.041,417469.9548,1210151.292,0
Alandia,Unit2,Big,Criminals,2012,0,0,0,0
Alandia,Unit2,Big,Criminals,2013,0,0,0,0
Alandia,Unit2,Big,Criminals,2016,35838545.1,34438353.59,108682978.2,0
Alandia,Unit2,Big,Third Party,2012,60897741.04,47413941.02,195382425.4,17086545.34
Alandia,Unit2,Big,Third Party,2013,0,25669961.46,117075398.5,25056891.66
Alandia,Unit2,Big,Third Party,2016,109059200.5,36387258.81,133019092.4,0
Alandia,Unit2,Big,Packaging,2012,44871791.46,26014668.85,112574990.2,6095369.808
Alandia,Unit2,Big,Packaging,2013,0,16020658.83,59349573.93,4795119.521
Alandia,Unit2,Big,Packaging,2016,26424890.23,11559450.58,40092787.61,0
Alandia,Unit2,Big,Travel,2012,122583930.6,37336738.54,234308287.7,4148222.363
Alandia,Unit2,Big,Travel,2013,0,21209680.33,121674301.6,2876734.428
Alandia,Unit2,Big,Travel,2016,66291118.83,20647127.91,87993806.65,0
Alandia,Unit2,Big,NA,2012,0,0,0,0
Alandia,Unit2,Big,NA,2013,0,0,0,0
Alandia,Unit2,Big,NA,2016,0,0,0,0
Alandia,Unit2,Big,NA,2012,51317.91243,-7688768.984,72724.61094,8321457.279
Alandia,Unit2,Big,NA,2013,0,207156.1843,0,-199782.8661
Alandia,Unit2,Big,NA,2016,0,-566537.2426,0,0
Alandia,Unit2,Big,Combined,2012,0,0,0,0
Alandia,Unit2,Big,Combined,2013,0,0,0,0
Alandia,Unit2,Big,Housing,2012,92937630.83,55604747.85,246155426.1,12964496.87
Alandia,Unit2,Big,Housing,2013,0,25631019.76,109878206.7,11616661.09
Alandia,Unit2,Big,Housing,2016,121718012.5,35486029.39,137180081.3,0
Alandia,Unit2,Big,Accidents,2012,0,0,0,0
Alandia,Unit2,Big,Accidents,2013,0,0,0,0
Alandia,Unit2,Big,Accidents,2016,934.2438134,9509.199084,75879.59803,0
Alandia,Unit2,Big,Doctors,2012,9938244.418,12354252.43,28342696.98,3279823.556
Alandia,Unit2,Big,Doctors,2013,9345300.226,10208780.95,27550140.47,542304.6243
Alandia,Unit2,Big,Doctors,2014,8447026.433,10004614.09,29796194.05,2067603.963
Alandia,Unit2,Big,Doctors,2015,9219818.122,11432682.23,31380975.56,1617415.928
Alandia,Unit2,Big,Doctors,2016,0,6189494.979,15590527.5,199643.4784
Alandia,Unit2,Big,Criminals,2012,39254112.19,99397004.98,257637028.4,41494218.86
Alandia,Unit2,Big,Criminals,2013,118559279.8,82815171.6,260477622.8,28918837.87
Alandia,Unit2,Big,Criminals,2014,50895266.24,62731711.22,250981686.9,23128202.67
Alandia,Unit2,Big,Criminals,2015,104905688.6,82557844.28,225127120.4,26170961.21
Alandia,Unit2,Big,Criminals,2016,0,27734812.93,90011118.16,22515749.61
Alandia,Unit2,Big,Third Party,2012,145395036.8,147401946.5,417459772.6,27902785.57
Alandia,Unit2,Big,Third Party,2013,66949562.49,114915502.9,273147654.5,20643074.67
Alandia,Unit2,Big,Third Party,2014,63544321.92,124639511.6,293937948.6,20670444.07
Alandia,Unit2,Big,Third Party,2015,67887457.14,138493815.6,288113837.8,8686131.427
Alandia,Unit2,Big,Third Party,2016,0,66421223.4,147592121.8,8582496.783
Alandia,Unit2,Big,Packaging,2012,38777629.42,39798726.19,105653416.3,6626940.369
Alandia,Unit2,Big,Packaging,2013,40206615.9,38380621.13,91590091.08,894894.4958
Alandia,Unit2,Big,Packaging,2014,25118195.91,31225985.64,84566439.97,-724710.4413
Alandia,Unit2,Big,Packaging,2015,20693356.23,28581866.04,66181406.49,-2735979.358
Alandia,Unit2,Big,Packaging,2016,0,14550786.41,29220075.97,-2009610.753
Alandia,Unit2,Big,Travel,2012,162908636.7,131311759.7,440384031.9,-1957532.607
Alandia,Unit2,Big,Travel,2013,118532990.6,106053308.8,332994636.6,170001.7327
Alandia,Unit2,Big,Travel,2014,97522158.05,92413772.95,287887842.1,1092764.22
Alandia,Unit2,Big,Travel,2015,115509953.3,115334291.1,309007520.1,-3519676.451
Alandia,Unit2,Big,Travel,2016,0,59735850.97,151334082.6,-13911176.49
Alandia,Unit2,Big,NA,2012,0,0,0,0
Alandia,Unit2,Big,NA,2013,0,0.011556909,0,0
Alandia,Unit2,Big,NA,2014,0,-17465251.21,0,17103558.23
Alandia,Unit2,Big,NA,2015,0,292933.4307,0,-298507.3769
Alandia,Unit2,Big,NA,2016,0,0,0,0
Alandia,Unit2,Big,NA,2012,9835413.209,-7951212.409,39752754.08,-3407284.165
Alandia,Unit2,Big,NA,2013,50259213.99,43501077.32,167182878.1,2463648.601
Alandia,Unit2,Big,NA,2014,46786874.66,64590447.55,164318357.2,-15092628.48
Alandia,Unit2,Big,NA,2015,43010229.79,44391250.02,152855222.1,2426474.386
Alandia,Unit2,Big,NA,2016,0,24643852.05,84165948.32,5337411.076
Alandia,Unit2,Big,Combined,2012,0,0,0,0
Alandia,Unit2,Big,Combined,2013,0,0,0,0
Alandia,Unit2,Big,Housing,2012,139315440,159858758.3,424076783.6,-3345747.269
Alandia,Unit2,Big,Housing,2013,147226756.8,159775536.7,399156469.4,-15570668.46
Alandia,Unit2,Big,Housing,2014,111354352.5,153391107.6,363081957.7,-1940442.46
Alandia,Unit2,Big,Housing,2015,138353294.3,163429551.9,379966299.7,-10825638.55
Alandia,Unit2,Big,Housing,2016,0,89355747.23,212160336.4,-11089817.88
Alandia,Unit2,Big,Accidents,2012,0,0,0,0
Alandia,Unit2,Big,Accidents,2013,0,0,0,0
Alandia,Unit2,Big,Accidents,2016,0,2747213.917,0,-2752059.702
Alandia,Unit2,Small,Doctors,2012,65942793.73,211138419.2,397430821.1,51152110.31
Alandia,Unit2,Small,Doctors,2013,71936175.99,171719437.9,401351103.9,47863501.75
Alandia,Unit2,Small,Doctors,2014,86206334.6,171344427.8,417502097,44839363.55
Alandia,Unit2,Small,Doctors,2015,83621129.25,189880309.7,426421430.5,36310308.08
Alandia,Unit2,Small,Doctors,2016,88909069.48,188640671.6,452469803,35149634.82
Alandia,Unit2,Small,Criminals,2012,62893.24611,-145754.8704,156968.1215,214186.0615
Alandia,Unit2,Small,Criminals,2013,34350.65354,80793.60211,166524.3094,56.3964811
Alandia,Unit2,Small,Criminals,2014,35273.46462,49468.91866,89445.34351,-62388.86219
Alandia,Unit2,Small,Criminals,2015,44257.63688,97696.19136,185914.2978,7076.190537
Alandia,Unit2,Small,Criminals,2016,64407.37331,107490.8685,260472.3618,30164.61863
Alandia,Unit2,Small,Third Party,2012,26171805.53,81612593.32,152706822.8,14901189.36
Alandia,Unit2,Small,Third Party,2013,26015249.3,76171663.77,156871539.1,17222407.01
Alandia,Unit2,Small,Third Party,2014,24433516.7,80785777.8,159926388.9,17597906.57
Alandia,Unit2,Small,Third Party,2015,21307439.6,91280722.46,165343944.7,11715014.49
Alandia,Unit2,Small,Third Party,2016,86478344.57,133393607.9,307861607.9,16157014.25
Alandia,Unit2,Small,Packaging,2012,744991.9352,71753.22868,2399983.031,1332353.966
Alandia,Unit2,Small,Packaging,2013,815238.4391,2582722.818,2623485.39,282806.7081
Alandia,Unit2,Small,Packaging,2014,670503.3234,2277240.067,2659977.294,376155.3317
Alandia,Unit2,Small,Packaging,2015,213809.5832,2348083.486,3184356.768,815748.2468
Alandia,Unit2,Small,Packaging,2016,14714179.74,17022171.33,26732257.28,-692733.3068
Alandia,Unit2,Small,Travel,2012,708414086.5,437529842.7,1687003179,10214693.24
Alandia,Unit2,Small,Travel,2013,658938189.6,449737963.5,1708142471,2886985.837
Alandia,Unit2,Small,Travel,2014,639945563.8,513498432.3,1774700762,23173215.19
Alandia,Unit2,Small,Travel,2015,658958571.3,539995882.1,1839583648,-8401088.346
Alandia,Unit2,Small,Travel,2016,714254062.9,566255015,1902871148,14895552.86
Alandia,Unit2,Small,NA,2012,0,0,0,0
Alandia,Unit2,Small,NA,2013,0,-0.021796236,0,0
Alandia,Unit2,Small,NA,2014,0,139331.1312,0,-141872.2878
Alandia,Unit2,Small,NA,2015,0,903265.0471,0,-921517.0302
Alandia,Unit2,Small,NA,2016,0,0,0,0
Alandia,Unit2,Small,NA,2012,47917286.1,17369501.79,151645009.7,-6317518.508
Alandia,Unit2,Small,NA,2013,50389161.5,65211750.4,156652461.1,270361.6274
Alandia,Unit2,Small,NA,2014,50561009.57,127642494.7,153627209.5,-54316456.15
Alandia,Unit2,Small,NA,2015,56295915.72,80417417.91,158127345,-9526341.7
Alandia,Unit2,Small,NA,2016,103846550.9,108933673.9,217497906.8,-7257680.935
Alandia,Unit2,Small,Combined,2012,0,0,0,0
Alandia,Unit2,Small,Combined,2013,0,0,0,0
Alandia,Unit2,Small,Housing,2012,115042535.2,195787195,378566530.7,-9170559.598
Alandia,Unit2,Small,Housing,2013,137267816.7,153935382.5,381776034.3,-11869630.87
Alandia,Unit2,Small,Housing,2014,118185622.2,160914257.9,387635325.6,-2790428.74
Alandia,Unit2,Small,Housing,2015,129805611.1,192337089.7,411552187.2,-12289359.63
Alandia,Unit2,Small,Housing,2016,287229508.5,301753755.8,635269955.8,2975556.631
Alandia,Unit2,Small,Accidents,2012,0,0,0,0
Alandia,Unit2,Small,Accidents,2013,0,0,0,0
Alandia,Unit2,Small,Accidents,2016,0,5487202.254,0,-5497181.007
Belandia,Unit3,Big,Doctors,2012,0,0,0,0
Belandia,Unit3,Big,Doctors,2013,0,0,0,0
Belandia,Unit3,Big,Doctors,2014,0,68535.50824,0,-73668.53145
Belandia,Unit3,Big,Criminals,2012,0,0,0,0
Belandia,Unit3,Big,Criminals,2013,0,0,0,0
Belandia,Unit3,Big,Criminals,2014,0,146492.6169,0,-151841.0811
Belandia,Unit3,Big,Third Party,2012,17253787.16,10793921.97,31838851.94,-819415.9449
Belandia,Unit3,Big,Third Party,2013,12241849.01,12643256.16,29241977.51,-1782610.092
Belandia,Unit3,Big,Third Party,2014,13505825.91,13480514.54,33043042.31,-414712.3636
Belandia,Unit3,Big,Third Party,2015,15719023.88,15524070.45,37986157.39,-1691749.375
Belandia,Unit3,Big,Third Party,2016,0,8962088.007,19999036.92,-736404.3104
Belandia,Unit3,Big,Packaging,2012,205163.5115,782931.1266,2348859.289,379948.6207
Belandia,Unit3,Big,Packaging,2013,255537.3864,873189.8276,2319195.388,519218.8401
Belandia,Unit3,Big,Packaging,2014,231637.1388,634194.1981,2145602.834,494826.1116
Belandia,Unit3,Big,Packaging,2015,122472.1478,799002.403,1954897.677,305512.9168
Belandia,Unit3,Big,Packaging,2016,0,369208.8804,882655.7793,363362.3312
Belandia,Unit3,Big,Travel,2012,17549776.88,12595653.46,51097822.39,622346.4903
Belandia,Unit3,Big,Travel,2013,15645199.01,12288334.33,41144765.62,-269337.0109
Belandia,Unit3,Big,Travel,2014,20537309.02,15183774.16,41924560.87,-992441.5703
Belandia,Unit3,Big,Travel,2015,29879921.83,20922683.29,61113949.42,-799137.3165
Belandia,Unit3,Big,Travel,2016,0,8579470.335,25206858.96,-1835429.618
Belandia,Unit3,Big,NA,2012,0,0,0,0
Belandia,Unit3,Big,NA,2013,0,0.011086398,0.010973442,0
Belandia,Unit3,Big,NA,2014,0,-129.0288958,0,127.4598327
Belandia,Unit3,Big,NA,2015,0,225.6263805,0,-222.9581714
Belandia,Unit3,Big,NA,2016,0,0,0,0
Belandia,Unit3,Big,NA,2012,9363280.488,3566679.029,16041439.1,639354.6341
Belandia,Unit3,Big,NA,2013,556517.136,6632690.765,17114525.09,290030.1664
Belandia,Unit3,Big,NA,2014,5432160.403,8203587.533,17004483.22,-1138618.149
Belandia,Unit3,Big,NA,2015,0,7.423272342,3128.523723,-5.45956658
Belandia,Unit3,Big,NA,2016,0,-187722.9871,-0.56912099,-8.396245414
Belandia,Unit3,Big,Combined,2012,13415748.22,15153700.49,44907931.91,977403.0737
Belandia,Unit3,Big,Combined,2013,18789944.1,16298695.52,47567120.02,516886.5279
Belandia,Unit3,Big,Combined,2014,22819001.86,21453532.52,56313250.09,-258330.2092
Belandia,Unit3,Big,Combined,2015,21280447.63,24413097.68,63998069.34,-887421.5213
Belandia,Unit3,Big,Combined,2016,0,12825634.29,31540457.51,-246582.1444
Belandia,Unit3,Big,Housing,2012,13407913.45,26573364.63,68825062.86,436742.2486
Belandia,Unit3,Big,Housing,2013,12070115.91,23260869.78,56769797.22,1561428.549
Belandia,Unit3,Big,Housing,2014,10266791.69,26213051.17,62238023.27,2261667.043
Belandia,Unit3,Big,Housing,2015,12333174.42,24551060.81,56430175.49,2936585.441
Belandia,Unit3,Big,Housing,2016,0,11695583.93,32045454.31,6031612.78
Belandia,Unit3,Big,Accidents,2012,19564359.02,10741777.81,36702990.37,-951564.1173
Belandia,Unit3,Big,Accidents,2013,15001187.84,13033302.64,34492524.56,-1169667.676
Belandia,Unit3,Big,Accidents,2014,16611176.43,13702976.33,36242648.63,-1002497.288
Belandia,Unit3,Big,Accidents,2015,15679972.66,13971606.2,39147919.81,-1927357.748
Belandia,Unit3,Big,Accidents,2016,0,6550462.249,18142274.52,-876803.5603
Belandia,Unit3,Small,Doctors,2012,0,0,0,0
Belandia,Unit3,Small,Doctors,2013,0,0,-4005.043864,-2574.517561
Belandia,Unit3,Small,Doctors,2014,0,-107067.7425,-865.5962907,108241.1869
Belandia,Unit3,Small,Doctors,2015,0,0,-1832.412026,-1282.3002
Belandia,Unit3,Small,Criminals,2012,0,0,0,0
Belandia,Unit3,Small,Criminals,2013,0,0,0,0
Belandia,Unit3,Small,Third Party,2012,0,0,0,0
Belandia,Unit3,Small,Third Party,2013,0,0,0,0
Belandia,Unit3,Small,Third Party,2014,0,-48939.53776,0,50055.41207
Belandia,Unit3,Small,Third Party,2016,14923536.98,8582996.731,22278433.57,0
Belandia,Unit3,Small,Packaging,2012,0,0,0,0
Belandia,Unit3,Small,Packaging,2013,0,0,0,0
Belandia,Unit3,Small,Packaging,2016,103341.7588,206564.2562,614697.6745,0
Belandia,Unit3,Small,Travel,2012,96389768.2,59153450.88,233135155,2356295.695
Belandia,Unit3,Small,Travel,2013,93762865.72,58620649.45,199631042.4,1236095.743
Belandia,Unit3,Small,Travel,2014,75158018.68,52555084.29,181665459.2,-1678968.209
Belandia,Unit3,Small,Travel,2015,54489636.14,42126545.69,150117927.7,-1754170.049
Belandia,Unit3,Small,Travel,2016,80175268.91,54543640.5,175736157.8,406871.1462
Belandia,Unit3,Small,NA,2012,0,0,0,0
Belandia,Unit3,Small,NA,2013,0,0,0,0
Belandia,Unit3,Small,NA,2014,0,2.074308052,0,-2.186276732
Belandia,Unit3,Small,NA,2015,0,140.9078542,0,-136.9093051
Belandia,Unit3,Small,NA,2016,0,0,0,0
Belandia,Unit3,Small,NA,2012,919949.83,1983033.07,11100566.31,401700.5859
Belandia,Unit3,Small,NA,2013,7639012.705,6784064.728,12653874.02,251243.7756
Belandia,Unit3,Small,NA,2014,3828259.901,7910070.436,15535448.61,53445.65708
Belandia,Unit3,Small,NA,2015,4071298.759,6065474.438,15782552.04,1098501.353
Belandia,Unit3,Small,NA,2016,4791575.535,9845734.808,17817797.77,531768.3301
Belandia,Unit3,Small,Combined,2012,0,0,0,0
Belandia,Unit3,Small,Combined,2013,0,0,0,0
Belandia,Unit3,Small,Combined,2016,21402854.31,13013635.09,35095552.05,0
Belandia,Unit3,Small,Housing,2012,29473942.06,39430869.25,125875038.3,5989533.073
Belandia,Unit3,Small,Housing,2013,28158570.59,46088406.36,127113287.1,6563756.485
Belandia,Unit3,Small,Housing,2014,41329693.14,50382780.85,127824631.9,4097142.662
Belandia,Unit3,Small,Housing,2015,34870216.01,54978895.97,143665709.6,816883.1269
Belandia,Unit3,Small,Housing,2016,45378790.08,61845792.3,182139373.4,2571204.856
Belandia,Unit3,Small,Accidents,2012,0,0,0,0
Belandia,Unit3,Small,Accidents,2013,0,0,0,0
Belandia,Unit3,Small,Accidents,2016,14615807.67,6692865.015,19179438.6,0
Cergo,Unit4,Big,Doctors,2012,9885614.389,7693945.878,26255559.46,446552.3096
Cergo,Unit4,Big,Doctors,2013,0,3632326.945,12727242,240137.6811
Cergo,Unit4,Big,Doctors,2016,8124575.526,3031984.233,11197539.29,0
Cergo,Unit4,Big,Criminals,2012,878345.6918,629938.2576,2544803.345,42627.82637
Cergo,Unit4,Big,Criminals,2013,0,492844.4873,1871606.914,218760.5522
Cergo,Unit4,Big,Criminals,2016,1989406.966,1304091.67,4461093.058,0
Cergo,Unit4,Big,Third Party,2012,34305875.46,29125293.54,105445107.9,4441042.427
Cergo,Unit4,Big,Third Party,2013,0,15979876.17,58547648.49,4497985.172
Cergo,Unit4,Big,Third Party,2016,45407474.41,22442667.53,69314722.53,0
Cergo,Unit4,Big,Packaging,2012,682865.3845,639185.917,3054172.647,263371.8507
Cergo,Unit4,Big,Packaging,2013,0,233779.3132,1226465.423,229026.2846
Cergo,Unit4,Big,Packaging,2016,1887609.409,706798.5073,3549868.249,0
Cergo,Unit4,Big,Travel,2012,22857926.07,12703169.75,41010226.84,-2450555.76
Cergo,Unit4,Big,Travel,2013,0,7338491.78,27472590.83,1339800.892
Cergo,Unit4,Big,Travel,2016,15960729.65,6039011.158,21578564.75,0
Cergo,Unit4,Big,NA,2012,0,0,0,0
Cergo,Unit4,Big,NA,2013,0,0,0,0
Cergo,Unit4,Big,NA,2012,241665.751,-1992857.171,36308.92247,2301172.666
Cergo,Unit4,Big,NA,2013,0,-45374.3115,49175.91788,75338.78426
Cergo,Unit4,Big,NA,2016,4977.206014,-226373.8258,67323.72097,0
Cergo,Unit4,Big,Combined,2012,0,0,0,0
Cergo,Unit4,Big,Combined,2013,0,0,0,0
Cergo,Unit4,Big,Housing,2012,17835770.37,10774436.17,47511056.89,3302908.787
Cergo,Unit4,Big,Housing,2013,0,7636255.317,27650416.31,4354227.302
Cergo,Unit4,Big,Housing,2016,6302182.968,6350433.404,20122317.68,0
Cergo,Unit4,Big,Accidents,2012,0,0,0,0
Cergo,Unit4,Big,Accidents,2013,0,0,0,0
Cergo,Unit4,Big,Accidents,2016,0,74164.27303,242145.5973,0
Cergo,Unit4,Big,Doctors,2012,16122268.63,14460818.52,49846668.91,387679.809
Cergo,Unit4,Big,Doctors,2013,17496968.97,18051140.23,51772080.52,82362.43293
Cergo,Unit4,Big,Doctors,2014,18825961.5,20134421.9,50922235.48,-372259.9661
Cergo,Unit4,Big,Doctors,2015,28301194.86,28133417.91,79509424.21,2113192.266
Cergo,Unit4,Big,Doctors,2016,0,14829895.53,44064915.58,-1142679.363
Cergo,Unit4,Big,Criminals,2012,10795833.96,14337583.64,38964851.61,2692227.957
Cergo,Unit4,Big,Criminals,2013,10612837.74,10703814.13,26458007.53,-542718.1975
Cergo,Unit4,Big,Criminals,2014,10053553.59,11812881.6,24993413.99,-2510222.449
Cergo,Unit4,Big,Criminals,2015,9147055.488,9882120.385,20010112.91,-2744141.9
Cergo,Unit4,Big,Criminals,2016,0,3670244.953,9205566.812,-2494209.878
Cergo,Unit4,Big,Third Party,2012,44821619.71,46778182.81,136936961.8,-1466968.323
Cergo,Unit4,Big,Third Party,2013,43614292.38,53192567.74,140638425.5,-3407316.023
Cergo,Unit4,Big,Third Party,2014,46901937.08,52609257.78,137804336.6,-1919881.618
Cergo,Unit4,Big,Third Party,2015,44414460.59,53099652.57,157894973.5,497974.9328
Cergo,Unit4,Big,Third Party,2016,0,30728362.05,86504276.1,3500998.911
Cergo,Unit4,Big,Packaging,2012,2171479.09,6251644.36,12994277.79,1514055.15
Cergo,Unit4,Big,Packaging,2013,2233854.801,5118913.445,12608955.92,876237.5721
Cergo,Unit4,Big,Packaging,2014,1976604.34,5331508.122,12591915.55,1668171.227
Cergo,Unit4,Big,Packaging,2015,2378912.354,4920798.945,11876757.53,1309998.122
Cergo,Unit4,Big,Packaging,2016,0,2300127.415,6201057.532,1066261.04
Cergo,Unit4,Big,Travel,2012,13066721.02,7904879.128,35339984.87,481842.1363
Cergo,Unit4,Big,Travel,2013,11254442.65,8512721.937,35082120.75,57060.54202
Cergo,Unit4,Big,Travel,2014,12541143.4,9051414.253,33930806.69,1991967.247
Cergo,Unit4,Big,Travel,2015,15086302.33,9433702.722,37259940.54,1778361.34
Cergo,Unit4,Big,Travel,2016,0,4754562.467,19616706.35,1062124.49
Cergo,Unit4,Big,NA,2012,0,0,0,0
Cergo,Unit4,Big,NA,2013,-0.021479299,-0.011392777,0,0
Cergo,Unit4,Big,NA,2014,0,0,0,0
Cergo,Unit4,Big,NA,2015,0,0,0,0
Cergo,Unit4,Big,NA,2016,0,-481835.437,0,484733.5831
Cergo,Unit4,Big,NA,2012,190660.7048,483647.4896,1287898.713,314146.5678
Cergo,Unit4,Big,NA,2013,184351.7836,237784.5223,949920.2943,112201.6872
Cergo,Unit4,Big,NA,2014,259066.6303,600288.8468,1492769.287,441846.2832
Cergo,Unit4,Big,NA,2015,346935.5387,573480.9383,2272728.022,210722.3532
Cergo,Unit4,Big,NA,2016,0,273120.829,918029.7472,301291.5583
Cergo,Unit4,Big,Combined,2012,0,0,0,0
Cergo,Unit4,Big,Combined,2013,0,0,0,0
Cergo,Unit4,Big,Housing,2012,96192717.39,63860184.93,191657119,1229422.833
Cergo,Unit4,Big,Housing,2013,77648375.23,73497980.34,210044681.1,-1649519.602
Cergo,Unit4,Big,Housing,2014,71700991.93,81674755.49,241122801.8,-15609315.63
Cergo,Unit4,Big,Housing,2015,108212137.6,78153884.11,255908151.3,-12398282.21
Cergo,Unit4,Big,Housing,2016,0,39909216.68,133960854.3,-9458479.09
Cergo,Unit4,Big,Accidents,2012,0,0,0,0
Cergo,Unit4,Big,Accidents,2013,0,0,0,0
Cergo,Unit4,Small,Doctors,2012,57326002.76,87118981.17,218146830.7,12466934.29
Cergo,Unit4,Small,Doctors,2013,56045200.04,78082977.73,214016726.4,13982376.82
Cergo,Unit4,Small,Doctors,2014,53573710.91,86658521.85,217993187.1,13783156.61
Cergo,Unit4,Small,Doctors,2015,50988671.89,86686825,212142115.8,13721414.35
Cergo,Unit4,Small,Doctors,2016,74782362.09,98914440.26,252156774.6,12679258.07
Cergo,Unit4,Small,Criminals,2012,27260.97474,469898.8992,641950.0287,53301.75068
Cergo,Unit4,Small,Criminals,2013,95757.86872,410330.5657,717894.435,158357.0301
Cergo,Unit4,Small,Criminals,2014,79869.64111,-24222.47419,212315.171,149898.8287
Cergo,Unit4,Small,Criminals,2015,66146.49489,46465.53246,173500.6342,35084.64291
Cergo,Unit4,Small,Criminals,2016,6623601.847,5260645.804,9826719.299,47895.9322
Cergo,Unit4,Small,Third Party,2012,74337659.01,66956770.35,182655462.2,-3860945.22
Cergo,Unit4,Small,Third Party,2013,63795437.11,59663677.97,157910463.3,-4347446.747
Cergo,Unit4,Small,Third Party,2014,45752121.33,61097120.18,146792480.4,-3730774.416
Cergo,Unit4,Small,Third Party,2015,36863343.6,59544277.98,138785453.1,1916188.678
Cergo,Unit4,Small,Third Party,2016,76183433.11,84731054.12,206303955.7,1376790.155
Cergo,Unit4,Small,Packaging,2012,0,17977.07128,-103.567222,14.8832088
Cergo,Unit4,Small,Packaging,2013,0,-2281.699607,-2148.874459,6.425559481
Cergo,Unit4,Small,Packaging,2014,28767.68702,144.0102871,-335.1425226,0
Cergo,Unit4,Small,Packaging,2015,0,179.5184372,-109.3550082,126.3641608
Cergo,Unit4,Small,Packaging,2016,1822809.895,2214688.002,5622230.601,0.802003708
Cergo,Unit4,Small,Travel,2012,540896937.9,483006874.8,1757295220,-82252.02921
Cergo,Unit4,Small,Travel,2013,522855911,460657298.8,1745078702,49270467.94
Cergo,Unit4,Small,Travel,2014,460679967.9,502069461,1600493141,38275128.1
Cergo,Unit4,Small,Travel,2015,473290501.3,455491159.8,1474941879,28124405.25
Cergo,Unit4,Small,Travel,2016,454992866,431939958.8,1392501830,29994548.4
Cergo,Unit4,Small,NA,2012,0,0,0,0
Cergo,Unit4,Small,NA,2013,0,-0.065942855,0,0
Cergo,Unit4,Small,NA,2014,0,0,0,0
Cergo,Unit4,Small,NA,2015,0,43751.9034,0,-45221.93712
Cergo,Unit4,Small,NA,2016,0,-175728.3668,0,174701.9555
Cergo,Unit4,Small,NA,2012,2020725.062,11373343.1,26594764.6,6065083.767
Cergo,Unit4,Small,NA,2013,1791044.001,12475277.52,26497265.06,6504102.837
Cergo,Unit4,Small,NA,2014,1061390.01,15528271.58,25969157.58,5112009.03
Cergo,Unit4,Small,NA,2015,972801.3898,16676652.26,32562938.09,5581626.316
Cergo,Unit4,Small,NA,2016,1285791.029,14043304.82,35245917.63,7475864.321
Cergo,Unit4,Small,Combined,2012,0,0,0,0
Cergo,Unit4,Small,Combined,2013,0,0,0,0
Cergo,Unit4,Small,Housing,2012,85317270.63,112825429.1,292036427,4341911.291
Cergo,Unit4,Small,Housing,2013,78029193.35,111536208,278988606.1,2446717.332
Cergo,Unit4,Small,Housing,2014,83281851.54,116090476.8,286252699.6,-2588183.94
Cergo,Unit4,Small,Housing,2015,78159030.49,112948154.8,275333925.6,5615894.58
Cergo,Unit4,Small,Housing,2016,145387126,152624003.9,394057232.8,9362790.602
Cergo,Unit4,Small,Accidents,2012,0,0,0,0
Cergo,Unit4,Small,Accidents,2013,0,0,0,0
Cergo,Unit4,Small,Accidents,2014,0,0.101508051,0,-0.095630606
Cergo,Unit5,Big,Doctors,2012,769271.0665,1478916.551,4507837.157,433307.7359
Cergo,Unit5,Big,Doctors,2013,721770.8273,1303606.656,3898286.157,556617.3229
Cergo,Unit5,Big,Doctors,2014,802216.1137,1068177.025,3609405.8,720568.3164
Cergo,Unit5,Big,Doctors,2015,679497.7025,1059956.216,3520801.607,574112.7854
Cergo,Unit5,Big,Doctors,2016,0,532462.0358,1644660.58,482514.8028
Cergo,Unit5,Big,Criminals,2012,397555.4657,82037.76012,317696.4472,99878.60655
Cergo,Unit5,Big,Criminals,2013,9127.381547,94656.16834,376860.6662,88129.11677
Cergo,Unit5,Big,Criminals,2014,11812.27543,108496.4668,438184.2186,174420.171
Cergo,Unit5,Big,Criminals,2015,44882.30052,64501.22469,300908.8107,84181.35327
Cergo,Unit5,Big,Criminals,2016,0,41913.29213,151647.0787,83794.24067
Cergo,Unit5,Big,Third Party,2012,811295.9268,1313251.9,6948073.875,963106.9914
Cergo,Unit5,Big,Third Party,2013,1234136.298,1365629.011,6752547.812,687288.1698
Cergo,Unit5,Big,Third Party,2014,1433827.456,1880487.032,8671842.962,904195.637
Cergo,Unit5,Big,Third Party,2015,1105232.756,2389468.116,8716695.846,1747475.849
Cergo,Unit5,Big,Third Party,2016,0,1043357.587,4256560.211,1796239.372
Cergo,Unit5,Big,Packaging,2012,778777.4798,419310.8029,2363331.162,284837.8651
Cergo,Unit5,Big,Packaging,2013,1467374.543,580207.1297,3737931.476,560894.742
Cergo,Unit5,Big,Packaging,2014,694731.8652,759095.3373,3714107.317,575693.161
Cergo,Unit5,Big,Packaging,2015,946052.7677,722851.2037,3514775.204,574493.882
Cergo,Unit5,Big,Packaging,2016,0,273966.7604,1153195.122,285566.701
Cergo,Unit5,Big,Travel,2012,42621268.39,28080704.99,96429591.72,-2036159.452
Cergo,Unit5,Big,Travel,2013,40590449.09,26362643.49,99449711.62,-486576.4372
Cergo,Unit5,Big,Travel,2014,31839016.36,22564246.07,86177317.97,586202.7724
Cergo,Unit5,Big,Travel,2015,34305316.07,24073586.57,83641535.15,-1131500.324
Cergo,Unit5,Big,Travel,2016,0,8900708.082,32579547.98,321682.0718
Cergo,Unit5,Big,NA,2012,0,0,0,0
Cergo,Unit5,Big,NA,2013,0,0,0,0
Cergo,Unit5,Big,NA,2014,0,-0.022924361,0,0.022401748
Cergo,Unit5,Big,NA,2015,0,-0.043266677,0,0.04566268
Cergo,Unit5,Big,NA,2016,0,-266603.9134,0,265446.6189
Cergo,Unit5,Big,NA,2012,-0.010803123,-25885.09785,0.021880366,0
Cergo,Unit5,Big,NA,2013,0.011179841,4387.31494,30575.69601,0
Cergo,Unit5,Big,NA,2014,0,18688.8949,23683.78362,-13591.97999
Cergo,Unit5,Big,NA,2015,0,10282.3372,18265.26413,-6118.472924
Cergo,Unit5,Big,NA,2016,0,6681.255545,0,-6298.722448
Cergo,Unit5,Big,Combined,2012,12830274.62,8964321.372,37354107.68,1228985.12
Cergo,Unit5,Big,Combined,2013,11716895.59,8998594.693,36029906.82,1188074.109
Cergo,Unit5,Big,Combined,2014,11674033.6,8316872.368,30412591.64,899558.5079
Cergo,Unit5,Big,Combined,2015,10079757.46,9003235.572,34652759.43,1857520.976
Cergo,Unit5,Big,Combined,2016,0,6103747.18,15864134.02,194076.5118
Cergo,Unit5,Big,Housing,2012,190744.3505,556577.5695,-1677896.264,-2043181.048
Cergo,Unit5,Big,Housing,2013,583736.768,497399.0854,-1600896.059,-771757.9688
Cergo,Unit5,Big,Housing,2014,403098.2204,453282.2074,-1827585.532,-1523313.619
Cergo,Unit5,Big,Housing,2015,163442.0884,784141.5949,-1294990.969,-929056.8691
Cergo,Unit5,Big,Housing,2016,0,99927.95392,465687.4777,171697.0046
Cergo,Unit5,Big,Accidents,2012,39891157.44,23375054.59,94617421.01,346488.9527
Cergo,Unit5,Big,Accidents,2013,34047441.15,21445542.98,83098984.93,121866.7715
Cergo,Unit5,Big,Accidents,2014,32692497.43,21098320.12,71685002.23,-54991.55827
Cergo,Unit5,Big,Accidents,2015,32815409.75,24017269.9,74394262.82,-2818118.793
Cergo,Unit5,Big,Accidents,2016,0,7433446.024,28048686.55,29997.43796
Cergo,Unit5,Small,Doctors,2012,674404.5463,939406.708,3585578.343,770265.5529
Cergo,Unit5,Small,Doctors,2013,880811.1048,910734.2762,3750619.238,553642.5182
Cergo,Unit5,Small,Doctors,2014,930055.9378,1004138.125,3314348.7,361568.6903
Cergo,Unit5,Small,Doctors,2015,856264.6065,1055201.294,3370408.532,357945.4308
Cergo,Unit5,Small,Doctors,2016,1175527.117,1830107.37,5537806.671,255893.1597
Cergo,Unit5,Small,Criminals,2012,0,495.5262876,5597.413422,2318.203979
Cergo,Unit5,Small,Criminals,2013,215.7392749,-940.8359311,-172.0676301,-1410.870054
Cergo,Unit5,Small,Criminals,2014,314.5167975,-386.106985,5139.671928,1712.136047
Cergo,Unit5,Small,Criminals,2015,1725.551748,-1690.211353,695.1114819,825.7130712
Cergo,Unit5,Small,Criminals,2016,19692.77403,26962.4358,107769.8068,-3971.550108
Cergo,Unit5,Small,Third Party,2012,390134.2611,957768.3005,2998031.532,447021.5177
Cergo,Unit5,Small,Third Party,2013,388376.3329,899624.6471,3035451.257,584887.9616
Cergo,Unit5,Small,Third Party,2014,292019.8487,802815.5089,2705315.344,720284.4444
Cergo,Unit5,Small,Third Party,2015,479417.4031,794985.028,2670021.925,598331.0057
Cergo,Unit5,Small,Third Party,2016,1599885.898,1611141.983,6150548.248,612325.9663
Cergo,Unit5,Small,Packaging,2012,27823.57267,72993.92765,257199.0049,76345.07713
Cergo,Unit5,Small,Packaging,2013,193727.6495,78120.96521,239036.3835,41076.04741
Cergo,Unit5,Small,Packaging,2014,87410.06329,78568.84023,233443.6947,44061.28137
Cergo,Unit5,Small,Packaging,2015,59005.40687,81916.73956,219867.0833,24021.15916
Cergo,Unit5,Small,Packaging,2016,146795.6033,352318.5095,1152280.54,40385.91996
Cergo,Unit5,Small,Travel,2012,72364664.3,59871448.39,227496020.7,1834304.783
Cergo,Unit5,Small,Travel,2013,83118840.51,62464469.96,238537405.6,6517563.535
Cergo,Unit5,Small,Travel,2014,80430805.7,64116263.88,234907818.7,5822508.385
Cergo,Unit5,Small,Travel,2015,80835106.33,67738747.04,212670703.9,2767961.776
Cergo,Unit5,Small,Travel,2016,97250011.19,74834498.98,264729385.2,235153.4209
Cergo,Unit5,Small,NA,2012,0,0,0,0
Cergo,Unit5,Small,NA,2013,0,0.011609844,0,0
Cergo,Unit5,Small,NA,2014,0,0.022196553,0,-0.022703249
Cergo,Unit5,Small,NA,2015,0,0.02195287,0,-0.022112993
Cergo,Unit5,Small,NA,2016,0,-184883.8018,0,178854.7805
Cergo,Unit5,Small,NA,2012,12297791.84,4670516.403,29977986.33,407572.4585
Cergo,Unit5,Small,NA,2013,2442.530459,2626756.656,22620.99262,-2849561.223
Cergo,Unit5,Small,NA,2014,2529.953042,-653413.0002,18848.73455,204391.1036
Cergo,Unit5,Small,NA,2015,2695.604134,-602079.4666,15324.06283,143454.319
Cergo,Unit5,Small,NA,2016,4306.597841,-634415.4686,33585.41635,555421.3644
Cergo,Unit5,Small,Combined,2012,13548279.19,16493289.46,61591354.47,3261332.773
Cergo,Unit5,Small,Combined,2013,19188038.13,16498037.58,62121050.62,3613808.144
Cergo,Unit5,Small,Combined,2014,15350069.97,18024555.13,59987832.81,1613269.981
Cergo,Unit5,Small,Combined,2015,13201052.33,17078998.5,61994089.32,3557366.503
Cergo,Unit5,Small,Combined,2016,19461121.5,25066174.92,76423776.4,1570365.671
Cergo,Unit5,Small,Housing,2012,15792.63223,230435.8797,-2332651.66,-1464938.607
Cergo,Unit5,Small,Housing,2013,15996.59105,224955.0948,-3283845.315,-933338.4578
Cergo,Unit5,Small,Housing,2014,31570.398,198207.205,-3631017.346,-1929919.562
Cergo,Unit5,Small,Housing,2015,14503.42423,338835.4604,-2967658.616,-1042594.903
Cergo,Unit5,Small,Housing,2016,338763.7254,214189.8602,796011.9993,-72251.97392
Cergo,Unit5,Small,Accidents,2012,5454719.745,4010755.295,13067994.49,-479374.8941
Cergo,Unit5,Small,Accidents,2013,5391679.474,3542244.572,12041665.13,-717.5151206
Cergo,Unit5,Small,Accidents,2014,4966392.08,3401553.46,11390433.44,-3858.879446
Cergo,Unit5,Small,Accidents,2015,4928799.624,3990126.416,12833986.97,-489383.7869
Cergo,Unit5,Small,Accidents,2016,36539755.96,15716879.98,53949855.3,63456.59345
Cergo,Unit6,Big,Doctors,2012,2288727.28,1866391.165,10051810.6,1107147.55
Cergo,Unit6,Big,Doctors,2013,0,1009425.004,5154917.046,882505.9415
Cergo,Unit6,Big,Doctors,2016,2635468.671,1003580.117,3315630.507,0
Cergo,Unit6,Big,Criminals,2012,763505.8169,290013.6324,3692694.65,1100919.267
Cergo,Unit6,Big,Criminals,2013,0,819396.8861,4296210.783,1745937.003
Cergo,Unit6,Big,Criminals,2016,861847.032,703367.2618,2036168.618,0
Cergo,Unit6,Big,Third Party,2012,153866193.2,86056953.73,463494636.6,21351508.55
Cergo,Unit6,Big,Third Party,2013,0,42668044.89,209975246.4,18220774.93
Cergo,Unit6,Big,Third Party,2016,155993353.8,56946601.63,178223399.2,0
Cergo,Unit6,Big,Packaging,2012,1588465.882,1450739.055,6215889.604,548841.7177
Cergo,Unit6,Big,Packaging,2013,0,814112.3897,4133692.156,743656.7436
Cergo,Unit6,Big,Packaging,2016,5481527.505,1886476.278,6657910.925,0
Cergo,Unit6,Big,Travel,2012,24779289.47,12671424.42,73256761.32,2577023.579
Cergo,Unit6,Big,Travel,2013,0,5533542.121,32751527.38,1310002.002
Cergo,Unit6,Big,Travel,2016,39880841.71,14376090.22,53709895.46,0
Cergo,Unit6,Big,NA,2012,0,0,0,0
Cergo,Unit6,Big,NA,2013,0,0,0,0
Cergo,Unit6,Big,NA,2012,424552.0063,-3072211.706,-24457.52279,3355442.443
Cergo,Unit6,Big,NA,2013,0,796188.0424,2222209.934,1430474.567
Cergo,Unit6,Big,NA,2016,4315784.586,824733.578,4802788.466,0
Cergo,Unit6,Big,Combined,2012,0,0,0,0
Cergo,Unit6,Big,Combined,2013,0,0,0,0
Cergo,Unit6,Big,Housing,2012,40599001,39328456.48,162256404,8981165.004
Cergo,Unit6,Big,Housing,2013,0,18802716.3,80116515.67,9803692.317
Cergo,Unit6,Big,Housing,2016,39473618.12,20126805.5,63566446.79,0
Cergo,Unit6,Big,Accidents,2012,0,0,0,0
Cergo,Unit6,Big,Accidents,2013,0,0,0,0
Cergo,Unit6,Big,Accidents,2016,18.10467175,18698.05267,81013.67536,0
Cergo,Unit6,Big,Doctors,2012,3856343.849,5187327.148,14615503.18,2462354.42
Cergo,Unit6,Big,Doctors,2013,11242674.9,8078931.063,17436880.06,1936807.023
Cergo,Unit6,Big,Doctors,2014,10957543.85,9070894.913,22032748.36,942510.4546
Cergo,Unit6,Big,Doctors,2015,4706114.411,6893097.306,15530646.28,188765.9913
Cergo,Unit6,Big,Doctors,2016,0,3003401.527,8460812.055,1081853.772
Cergo,Unit6,Big,Criminals,2012,763442.3796,1972297.778,1730931.422,-553389.3585
Cergo,Unit6,Big,Criminals,2013,1324850.456,-19243.19598,854684.6838,485353.696
Cergo,Unit6,Big,Criminals,2014,148309.5139,-379982.8423,1069112.879,-847293.3932
Cergo,Unit6,Big,Criminals,2015,327522.0613,35350.73762,631126.1957,0.032085056
Cergo,Unit6,Big,Criminals,2016,0,65605.6161,250943.0934,-7684.795275
Cergo,Unit6,Big,Third Party,2012,11047276,21361692.33,61152941.24,8637633.612
Cergo,Unit6,Big,Third Party,2013,14048938.28,35600127.97,65966691.63,3432494.645
Cergo,Unit6,Big,Third Party,2014,11553426.11,28742859.49,65407341.07,4143571.224
Cergo,Unit6,Big,Third Party,2015,13029368.81,33042667.74,70347443.85,1489529.87
Cergo,Unit6,Big,Third Party,2016,0,17193545.16,42212843.34,10212456.1
Cergo,Unit6,Big,Packaging,2012,3971412.397,5551215.524,16343409.55,1579988.925
Cergo,Unit6,Big,Packaging,2013,5112241.14,6399402.155,17690114.18,990879.8485
Cergo,Unit6,Big,Packaging,2014,4832761.171,6726915.739,16663006.28,-150142.2611
Cergo,Unit6,Big,Packaging,2015,6455037.174,7665058.413,17397664.7,-53004.16637
Cergo,Unit6,Big,Packaging,2016,0,2884768.175,8337136.692,91909.464
Cergo,Unit6,Big,Travel,2012,52011.72146,38238.44464,171752.1638,19249.23271
Cergo,Unit6,Big,Travel,2013,216146.7657,178729.0497,376078.1133,37438.09252
Cergo,Unit6,Big,Travel,2014,1772314.582,1204455.833,4977679.609,92919.4037
Cergo,Unit6,Big,Travel,2015,3993747.451,2956034.237,8369121.84,-128729.5588
Cergo,Unit6,Big,Travel,2016,0,1534684.031,4796171.254,-99951.89248
Cergo,Unit6,Big,NA,2012,0,0,0,0
Cergo,Unit6,Big,NA,2013,0,-0.01120652,0,0
Cergo,Unit6,Big,NA,2014,0,0,0,0
Cergo,Unit6,Big,NA,2015,0,440.7000159,0,-419.5595177
Cergo,Unit6,Big,NA,2016,0,0,0,0
Cergo,Unit6,Big,NA,2012,1122168.316,222674.9914,1223025.644,35795.82269
Cergo,Unit6,Big,NA,2013,866537.8109,734243.8139,1485747.788,-675649.5396
Cergo,Unit6,Big,NA,2014,769545.1197,214048.5233,1822487.343,-21177.37374
Cergo,Unit6,Big,NA,2015,363321.9623,254572.2849,1423260.427,1262205.944
Cergo,Unit6,Big,NA,2016,0,52419.33087,135172.7096,816.155941
Cergo,Unit6,Big,Combined,2012,0,0,0,0
Cergo,Unit6,Big,Combined,2013,0,0,0,0
Cergo,Unit6,Big,Housing,2012,52140458.23,86135942.82,217589288.7,15109428.71
Cergo,Unit6,Big,Housing,2013,51548916.23,102901129.1,212328648.4,12181970.76
Cergo,Unit6,Big,Housing,2014,53716707.41,100336246.9,200904084.6,-876333.0132
Cergo,Unit6,Big,Housing,2015,69458429.79,101988050,206086828.7,1900860.584
Cergo,Unit6,Big,Housing,2016,0,51146295.16,117998387.1,4677741.968
Cergo,Unit6,Big,Accidents,2012,0,0,0,0
Cergo,Unit6,Big,Accidents,2013,0,0,0,0
Cergo,Unit6,Big,Accidents,2014,0,0.092863782,0,-0.084450309
Cergo,Unit6,Small,Doctors,2012,5444367.025,7935107.781,21513314.07,2538618.211
Cergo,Unit6,Small,Doctors,2013,3997962.797,6914533.401,19671849.04,2721970.673
Cergo,Unit6,Small,Doctors,2014,3919400.271,5691382.63,15034199.54,597870.6584
Cergo,Unit6,Small,Doctors,2015,3445925.632,5127924.362,14367063.91,521820.7403
Cergo,Unit6,Small,Doctors,2016,5845057.28,7114414.996,18877269.76,292131.7858
Cergo,Unit6,Small,Criminals,2012,0,0,0,0
Cergo,Unit6,Small,Criminals,2013,0,4527.05187,0,0
Cergo,Unit6,Small,Criminals,2014,0,6062.226126,0,0
Cergo,Unit6,Small,Criminals,2015,0,-40530.90994,0,0
Cergo,Unit6,Small,Criminals,2016,56752.00495,198497.2936,136538.3971,0
Cergo,Unit6,Small,Third Party,2012,873110.072,3259561.312,7081935.781,1191096.848
Cergo,Unit6,Small,Third Party,2013,643352.592,2669373.604,5403805.31,662561.275
Cergo,Unit6,Small,Third Party,2014,273722.4426,2283522.59,3561126.337,-168934.106
Cergo,Unit6,Small,Third Party,2015,179047.1033,1820377.913,4281620.717,1222317.629
Cergo,Unit6,Small,Third Party,2016,13981581.81,16090548.32,42071204.25,313189.7837
Cergo,Unit6,Small,Packaging,2012,940552.5731,1314879.639,3891918.654,714981.7162
Cergo,Unit6,Small,Packaging,2013,1236621.891,1112343.99,3191968.722,512986.6519
Cergo,Unit6,Small,Packaging,2014,1092664.747,1114629.243,3123636.929,54721.24132
Cergo,Unit6,Small,Packaging,2015,792249.2462,1179073.703,2712871.836,-54103.95394
Cergo,Unit6,Small,Packaging,2016,6056566.661,4302878.792,11514562.29,116650.0978
Cergo,Unit6,Small,Travel,2012,343870418.7,297067798.2,991540714.7,4488769.637
Cergo,Unit6,Small,Travel,2013,279884053.4,268686449.2,899499328.8,15802137.14
Cergo,Unit6,Small,Travel,2014,277124816.1,290710970.6,827505056.8,1300039.233
Cergo,Unit6,Small,Travel,2015,267039431.5,279033660.7,855895560,1674973.552
Cergo,Unit6,Small,Travel,2016,256184072.2,255696312.9,791957212,2256701.899
Cergo,Unit6,Small,NA,2012,0.381493517,0,0,0
Cergo,Unit6,Small,NA,2013,-0.023092349,0.022746261,0.010704636,0
Cergo,Unit6,Small,NA,2014,0,0,0,0
Cergo,Unit6,Small,NA,2015,0,26438.80904,0,-26616.92207
Cergo,Unit6,Small,NA,2016,0,4377.72366,0,-4099.849369
Cergo,Unit6,Small,NA,2012,766107.4268,4820126.418,8853117.022,2404213.519
Cergo,Unit6,Small,NA,2013,-8277.00646,4109999.379,7885909.644,1569213.924
Cergo,Unit6,Small,NA,2014,411336.0915,5480297.181,8157020.007,958141.7924
Cergo,Unit6,Small,NA,2015,3577533.947,7700794.145,13412695.55,558613.9733
Cergo,Unit6,Small,NA,2016,471795.7303,9996230.366,14747511.5,-1036794.321
Cergo,Unit6,Small,Combined,2012,0,0,0,0
Cergo,Unit6,Small,Combined,2013,0,0,0,0
Cergo,Unit6,Small,Housing,2012,108162246.1,177689150.4,441878174.7,12691611.45
Cergo,Unit6,Small,Housing,2013,107993707.8,176229249.6,397343968.9,10010847.88
Cergo,Unit6,Small,Housing,2014,111287024,200887707.2,393644754.2,2109151.902
Cergo,Unit6,Small,Housing,2015,120247936.7,236702878.1,449673129.2,5760766.573
Cergo,Unit6,Small,Housing,2016,178346943.5,303600052,590093740.5,-3907088.324
Cergo,Unit6,Small,Accidents,2012,0,0,0,0
Cergo,Unit6,Small,Accidents,2013,0,0,0,0
Alandia,Unit7,Big,Doctors,2012,139815377.5,47273304.26,314251993.1,1470549.226
Alandia,Unit7,Big,Doctors,2013,0,27054883.44,171198224.1,3264767.188
Alandia,Unit7,Big,Doctors,2016,138760666.1,26564454.83,163799446.3,0
Alandia,Unit7,Big,Criminals,2012,478882.2022,1621216.225,4199617.813,760759.4779
Alandia,Unit7,Big,Criminals,2013,0,965528.2202,1871871.237,358046.4164
Alandia,Unit7,Big,Criminals,2016,1104140.904,918201.8926,4603869.861,0
Alandia,Unit7,Big,Third Party,2012,71543186.13,72828889.5,260521791.7,6577519.971
Alandia,Unit7,Big,Third Party,2013,0,44102783.51,133954280.4,6412481.718
Alandia,Unit7,Big,Third Party,2016,68680600.04,44310597.41,117935085.5,0
Alandia,Unit7,Big,Packaging,2012,10677930.56,9584188.279,26469783.83,85279.82186
Alandia,Unit7,Big,Packaging,2013,0,4580095.401,13049227.11,683331.7958
Alandia,Unit7,Big,Packaging,2016,5390251.603,3717073.129,11012826.16,0
Alandia,Unit7,Big,Travel,2012,9358690.412,7513679.533,29602057.2,1814944.797
Alandia,Unit7,Big,Travel,2013,0,4426914.663,14948738.95,606866.4625
Alandia,Unit7,Big,Travel,2016,9401258.338,6121719.526,15014561.89,0
Alandia,Unit7,Big,NA,2012,0,0,0,0
Alandia,Unit7,Big,NA,2013,0,0,0,0
Alandia,Unit7,Big,NA,2012,25609.37413,-8979020.538,1712676.722,9970609.645
Alandia,Unit7,Big,NA,2013,0,-27007.99678,-58697.93595,-39134.97044
Alandia,Unit7,Big,NA,2016,168.8371976,21671.29934,1877.71423,0
Alandia,Unit7,Big,Combined,2012,0,0,0,0
Alandia,Unit7,Big,Combined,2013,0,0,0,0
Alandia,Unit7,Big,Housing,2012,103008700.4,75543914.19,206582891.3,13678068.76
Alandia,Unit7,Big,Housing,2013,0,33883319.55,90330605.87,9336462.776
Alandia,Unit7,Big,Housing,2016,29379591.98,36483798.51,98089310.7,0
Alandia,Unit7,Big,Accidents,2012,0,0,0,0
Alandia,Unit7,Big,Accidents,2013,0,0,0,0
Alandia,Unit7,Big,Doctors,2012,353001744.1,212199376.5,948091135.3,15207872.09
Alandia,Unit7,Big,Doctors,2013,354275619.3,212124129.4,969867412.7,12705394.37
Alandia,Unit7,Big,Doctors,2014,347372180.3,249988286.6,894172022.5,-22307534.41
Alandia,Unit7,Big,Doctors,2015,348276421.9,198074792.1,874911169.5,-1865149.018
Alandia,Unit7,Big,Doctors,2016,0,115981103.4,417615897.9,-21063996.74
Alandia,Unit7,Big,Criminals,2012,2570377.793,8250915.956,18631805.41,4194607.782
Alandia,Unit7,Big,Criminals,2013,7229533.536,14269715.87,29481837.86,2935229.639
Alandia,Unit7,Big,Criminals,2014,7262090.785,14427039.39,40031303.98,4464335.827
Alandia,Unit7,Big,Criminals,2015,10237657.48,15964128.78,48291416.59,4477671.331
Alandia,Unit7,Big,Criminals,2016,0,11957072.7,21776898.55,-836567.8229
Alandia,Unit7,Big,Third Party,2012,87856333.09,101111363.6,301730127.8,12455477.72
Alandia,Unit7,Big,Third Party,2013,92206892.91,104451371,301233722.1,12251970.65
Alandia,Unit7,Big,Third Party,2014,83801142.77,119400767.5,299817669.1,-3134259.061
Alandia,Unit7,Big,Third Party,2015,115168538.2,96634380.05,367263974.8,12102718.29
Alandia,Unit7,Big,Third Party,2016,0,52128893.08,177356491.2,16235844.06
Alandia,Unit7,Big,Packaging,2012,4526221.341,10931458.18,27978214.79,4716522.1
Alandia,Unit7,Big,Packaging,2013,4706523.335,10291697.87,24206427.64,3364486.168
Alandia,Unit7,Big,Packaging,2014,3586586.055,13646930.28,26284505.84,2095870.171
Alandia,Unit7,Big,Packaging,2015,3394999.645,11509846.32,24277620.32,3149660.623
Alandia,Unit7,Big,Packaging,2016,0,5939524.833,12289889.19,2036311.66
Alandia,Unit7,Big,Travel,2012,65402853.41,53756599.53,174342318.1,1297076.448
Alandia,Unit7,Big,Travel,2013,57428884.07,55087384.59,167289529.7,1163234.899
Alandia,Unit7,Big,Travel,2014,54892014.39,61547286.08,174880148.1,-3440287.464
Alandia,Unit7,Big,Travel,2015,60387325.75,55264757.27,183709885,3841297.298
Alandia,Unit7,Big,Travel,2016,0,30828518.72,99662312.81,5268985.962
Alandia,Unit7,Big,NA,2012,0,0,0,0
Alandia,Unit7,Big,NA,2013,0,0.020733584,0,0
Alandia,Unit7,Big,NA,2014,0,-2599031.905,0,2469361.354
Alandia,Unit7,Big,NA,2015,0,289826.4171,0,-290314.6495
Alandia,Unit7,Big,NA,2016,0,-2253479.948,0,2142964.984
Alandia,Unit7,Big,NA,2012,-1290164.816,2830635.785,-163486.1284,-420154.9934
Alandia,Unit7,Big,NA,2013,144791.6062,-1247541.398,82850.45569,0
Alandia,Unit7,Big,NA,2014,180686.7206,-72120147.93,211499.3143,51096461.47
Alandia,Unit7,Big,NA,2015,197046.3989,-632625.76,313642.6143,0
Alandia,Unit7,Big,NA,2016,0,2188245.115,0,-2112457.276
Alandia,Unit7,Big,Combined,2012,0,0,0,0
Alandia,Unit7,Big,Combined,2013,0,0,0,0
Alandia,Unit7,Big,Housing,2012,89430525.73,92271073.33,269011945,22573933.45
Alandia,Unit7,Big,Housing,2013,82387577.96,92500124.76,281701600.5,15688353.33
Alandia,Unit7,Big,Housing,2014,71765514.39,106595699.1,278784264.3,5720598.51
Alandia,Unit7,Big,Housing,2015,95735742.23,118132662,378519376.2,17326064.36
Alandia,Unit7,Big,Housing,2016,0,63642172.49,180345611.7,12509692.27
Alandia,Unit7,Big,Accidents,2012,0,0,0,0
Alandia,Unit7,Big,Accidents,2013,0,0,0,0
Alandia,Unit7,Big,Accidents,2014,0,0.071119786,0,-0.071904697
Alandia,Unit7,Small,Doctors,2012,11331693.7,9068991.01,41265526.95,964281.7391
Alandia,Unit7,Small,Doctors,2013,10429478.13,8480143.164,39177865.5,4158556.53
Alandia,Unit7,Small,Doctors,2014,9688553.211,11576118.85,37316543.06,2741287.605
Alandia,Unit7,Small,Doctors,2015,10974205.32,9388128.102,33286414.63,4456688.887
Alandia,Unit7,Small,Doctors,2016,353220767.5,114803514.3,447965829.6,2078110.122
Alandia,Unit7,Small,Criminals,2012,0,0,0,0
Alandia,Unit7,Small,Criminals,2013,0,0,0,0
Alandia,Unit7,Small,Criminals,2014,0,46459.74026,98715.23585,8378.452897
Alandia,Unit7,Small,Criminals,2015,0,0,0,0
Alandia,Unit7,Small,Criminals,2016,16180853.43,11360812.95,28487017.07,0
Alandia,Unit7,Small,Third Party,2012,35166487.43,46379180.53,143405008.9,12928320.53
Alandia,Unit7,Small,Third Party,2013,35822990.58,48162895.18,150091893.8,11634798.4
Alandia,Unit7,Small,Third Party,2014,40198429.51,56163285.92,142485816.7,9637675.56
Alandia,Unit7,Small,Third Party,2015,15279641.88,50232096.86,102806481.5,12563531
Alandia,Unit7,Small,Third Party,2016,120431095.4,108521161.5,271885294.6,8155403.436
Alandia,Unit7,Small,Packaging,2012,2342203.126,3233659.624,9200916.591,1155626.77
Alandia,Unit7,Small,Packaging,2013,2622812.613,3444326.892,9995561.999,1450437.862
Alandia,Unit7,Small,Packaging,2014,2152056.415,4450693.652,9785709.058,748486.0316
Alandia,Unit7,Small,Packaging,2015,1295798.359,3264134.464,8193248.645,812832.7818
Alandia,Unit7,Small,Packaging,2016,5235400.183,9865050.581,20783800.93,389417.5645
Alandia,Unit7,Small,Travel,2012,640589615.6,764384702.9,2213163861,100573170.2
Alandia,Unit7,Small,Travel,2013,581496556.7,734849327.5,2266570774,139925503.8
Alandia,Unit7,Small,Travel,2014,565164272.8,861605764.6,2099053327,104630014.8
Alandia,Unit7,Small,Travel,2015,540758262.3,934250718.3,2224299052,80022387.16
Alandia,Unit7,Small,Travel,2016,615421938.1,849463509.9,2273357874,103359642.4
Alandia,Unit7,Small,NA,2012,0,0,0,0
Alandia,Unit7,Small,NA,2013,0,0,0,0
Alandia,Unit7,Small,NA,2014,0,1940.755926,0,-2028.050177
Alandia,Unit7,Small,NA,2015,0,-277660.3513,0,288471.3467
Alandia,Unit7,Small,NA,2016,0,1489468.7,0,-1502712.03
Alandia,Unit7,Small,NA,2012,16970289.45,64224889.65,124376329.3,-385106.8417
Alandia,Unit7,Small,NA,2013,34463491.96,59115928.78,143374501.5,2935407.138
Alandia,Unit7,Small,NA,2014,41303267.82,-12856887,143147498.3,52375434.83
Alandia,Unit7,Small,NA,2015,51181876.41,66505119.13,150181590.9,5501692.24
Alandia,Unit7,Small,NA,2016,49056999.83,74565892.97,164355250.4,1948670.088
Alandia,Unit7,Small,Combined,2012,0,0,0,0
Alandia,Unit7,Small,Combined,2013,0,0,0,0
Alandia,Unit7,Small,Housing,2012,109062575.3,128980399.4,360821743.3,31324233.38
Alandia,Unit7,Small,Housing,2013,121066370.6,135391526.2,397919421.6,22679050.36
Alandia,Unit7,Small,Housing,2014,107960976.7,162103157.5,391294313.3,2425976.698
Alandia,Unit7,Small,Housing,2015,87890096.85,154253997.5,330044639.5,-2238656.101
Alandia,Unit7,Small,Housing,2016,179880122.8,209417761.1,551023448,1639853.588
Alandia,Unit7,Small,Accidents,2012,0,0,0,0
Alandia,Unit7,Small,Accidents,2013,0,0,0,0
Belandia,Unit8,Big,Doctors,2012,1912293.368,2457548.723,12140321.89,2181998.177
Belandia,Unit8,Big,Doctors,2013,0,1929853.496,6583768.076,1185455
Belandia,Unit8,Big,Doctors,2016,12814452.58,9525610.57,20410955.44,0
Belandia,Unit8,Big,Criminals,2012,12713407.14,3698643.188,16141784.1,3830804.662
Belandia,Unit8,Big,Criminals,2013,0,2365988.832,10231118.35,2663279.946
Belandia,Unit8,Big,Criminals,2016,7009124.455,14908203.31,32360837.93,0
Belandia,Unit8,Big,Third Party,2012,147502668.6,106053680.5,397882110.2,17376315.41
Belandia,Unit8,Big,Third Party,2013,0,52847342.8,236010735.7,24039904.08
Belandia,Unit8,Big,Third Party,2016,314142846.2,162714869.9,474658208.2,0
Belandia,Unit8,Big,Packaging,2012,42438201.95,27674702.15,87431860.38,2009818.957
Belandia,Unit8,Big,Packaging,2013,0,13105820.19,50455297.38,3565488.511
Belandia,Unit8,Big,Packaging,2016,36412558.75,14146587.39,37177479.33,0
Belandia,Unit8,Big,Travel,2012,57080327.79,35321661.95,156236027.1,1734368.165
Belandia,Unit8,Big,Travel,2013,0,21050504.86,89501885.3,2517960.477
Belandia,Unit8,Big,Travel,2016,215834184.7,92765535.92,278194267.5,0
Belandia,Unit8,Big,NA,2012,0,0,0,0
Belandia,Unit8,Big,NA,2013,0,0,0,0
Belandia,Unit8,Big,NA,2016,0,0,0,0
Belandia,Unit8,Big,NA,2012,0,-10009920.54,-1177203.429,5648135.793
Belandia,Unit8,Big,NA,2013,0,-3811753.971,219856.288,4001409.534
Belandia,Unit8,Big,NA,2016,-9092655.611,-664453.9253,1321190.215,0
Belandia,Unit8,Big,Combined,2012,0,0,0,0
Belandia,Unit8,Big,Combined,2013,0,0,0,0
Belandia,Unit8,Big,Combined,2016,17368246.76,17541501.89,34413360.14,0
Belandia,Unit8,Big,Housing,2012,122822623.8,101505548.4,450774845.7,17980280.68
Belandia,Unit8,Big,Housing,2013,0,37541346.24,188567616.5,21653789.52
Belandia,Unit8,Big,Housing,2016,249237530.4,259735369.5,549320261.6,0
Belandia,Unit8,Big,Accidents,2012,59440056.12,24429486.36,147649836.9,5758337.235
Belandia,Unit8,Big,Accidents,2013,0,13091450.79,84852602.8,10354745.77
Belandia,Unit8,Big,Accidents,2016,169901437.3,75691266.66,238206481.1,0
Belandia,Unit8,Big,Doctors,2012,2857009.937,7814208.156,20711489.41,4786413.78
Belandia,Unit8,Big,Doctors,2013,3321396.068,7248852.052,21320694.75,4451501.957
Belandia,Unit8,Big,Doctors,2014,4042006.948,15255848.88,28098053.12,2977174.922
Belandia,Unit8,Big,Doctors,2015,6591365.037,13598162.4,29465978.46,5089426.426
Belandia,Unit8,Big,Doctors,2016,0,7255308.621,14441921.16,1406095.08
Belandia,Unit8,Big,Criminals,2012,6276397.102,19470213.68,36501801.78,2453309.816
Belandia,Unit8,Big,Criminals,2013,6982170.759,23258481.52,40448889.68,3501531.854
Belandia,Unit8,Big,Criminals,2014,6596529.538,25963821.81,47678513.32,2630031.785
Belandia,Unit8,Big,Criminals,2015,7926983.261,32877146.55,62033373.68,4425841.967
Belandia,Unit8,Big,Criminals,2016,0,16220316.07,31311426.37,6550257.346
Belandia,Unit8,Big,Third Party,2012,227007569.3,210841876.1,661477812.1,-7128290.341
Belandia,Unit8,Big,Third Party,2013,254251914.6,211770000.6,674126562.7,-6487106.471
Belandia,Unit8,Big,Third Party,2014,254155630.7,245235146.3,735968154.6,-13032239.57
Belandia,Unit8,Big,Third Party,2015,275441693,254729546.6,736511544,-4399506.435
Belandia,Unit8,Big,Third Party,2016,0,121741638.9,338563828.4,-21707906.44
Belandia,Unit8,Big,Packaging,2012,3368915.851,6094310.961,12763283.09,225523.7464
Belandia,Unit8,Big,Packaging,2013,4983801.44,7119710.26,14661344.67,260633.9392
Belandia,Unit8,Big,Packaging,2014,4188144.047,8545664.089,16951271.87,-203541.1538
Belandia,Unit8,Big,Packaging,2015,4702905.968,8937719.705,18647408.86,299681.1419
Belandia,Unit8,Big,Packaging,2016,0,5327737.146,10064420.64,184143.0679
Belandia,Unit8,Big,Travel,2012,282092822.1,184127044.2,656668054.3,-3020369.791
Belandia,Unit8,Big,Travel,2013,223548883.3,210373973.3,695846198.9,5742815.154
Belandia,Unit8,Big,Travel,2014,243595155.9,221211570.3,658113555.1,-10885084.16
Belandia,Unit8,Big,Travel,2015,239825875.8,218706895,687228503.8,-2170818.998
Belandia,Unit8,Big,Travel,2016,0,104792443.2,321834063.3,-5578642.547
Belandia,Unit8,Big,NA,2012,0,0,0,0
Belandia,Unit8,Big,NA,2013,0,-0.013646223,0,0
Belandia,Unit8,Big,NA,2014,0,4.025178799,0,-3.950082304
Belandia,Unit8,Big,NA,2015,0,0,0,0
Belandia,Unit8,Big,NA,2016,0,9.696870999,0,-9.50978652
Belandia,Unit8,Big,NA,2012,5221079.673,-10485189.73,3267889.046,-2041637.854
Belandia,Unit8,Big,NA,2013,1344623.997,-1885700.625,4508463.763,1015720.368
Belandia,Unit8,Big,NA,2014,1791884.179,-2639686.874,4632082.602,1363369.194
Belandia,Unit8,Big,NA,2015,2020163.943,-848909.257,9135808.602,1560069.946
Belandia,Unit8,Big,NA,2016,0,1030682.016,2604941.623,495913.9235
Belandia,Unit8,Big,Combined,2012,21095371.1,37356709.34,80549084.36,-2097415.203
Belandia,Unit8,Big,Combined,2013,18679383.22,40774985.78,80098374.12,780915.057
Belandia,Unit8,Big,Combined,2014,18019089.58,47320640.2,82966010.85,-1944411.514
Belandia,Unit8,Big,Combined,2015,20236414.06,49068266.01,91641939.3,772462.9271
Belandia,Unit8,Big,Combined,2016,0,21879056.27,42157933.71,-1334600.915
Belandia,Unit8,Big,Housing,2012,357688616.1,493652415.7,1321417013,60448206.4
Belandia,Unit8,Big,Housing,2013,330905644.2,506717409.7,1315870681,55877270.74
Belandia,Unit8,Big,Housing,2014,239691052.3,509748144.2,1321532727,9150697.159
Belandia,Unit8,Big,Housing,2015,512815478.5,526350188.1,1224790310,44021158.67
Belandia,Unit8,Big,Housing,2016,0,262548760.4,677344822.5,70086133.55
Belandia,Unit8,Big,Accidents,2012,146887366.4,123332590.8,385426399.6,-11700568.55
Belandia,Unit8,Big,Accidents,2013,171020581.9,121743284.3,428624577.5,-2748518.427
Belandia,Unit8,Big,Accidents,2014,174190975.8,137396026.9,424368315.2,-14490176.42
Belandia,Unit8,Big,Accidents,2015,155000703,136697735.9,424510653.2,-7451238.545
Belandia,Unit8,Big,Accidents,2016,0,66265767.64,196072677.9,-14975378.95
Belandia,Unit8,Small,Doctors,2012,503765.0414,2128813.305,3365937.922,266842.0326
Belandia,Unit8,Small,Doctors,2013,463639.7356,2039827.938,3390881.358,472970.7043
Belandia,Unit8,Small,Doctors,2014,422804.0208,2043629.656,2856441.632,295778.1507
Belandia,Unit8,Small,Doctors,2015,341673.0363,1349825.175,2265900.258,87031.17475
Belandia,Unit8,Small,Doctors,2016,1551935.673,3117173.019,7298595.11,34575.13174
Belandia,Unit8,Small,Criminals,2012,80886.6447,143036.9149,-152817.9269,-22559.86335
Belandia,Unit8,Small,Criminals,2013,58109.71381,46811.34939,-240429.6493,3336.955434
Belandia,Unit8,Small,Criminals,2014,124280.2689,-18933.89363,3131790.988,8359.80032
Belandia,Unit8,Small,Criminals,2015,22020.77367,42056.13132,194125.587,34492.85741
Belandia,Unit8,Small,Criminals,2016,2655408.986,2022430.735,9218008.911,9692.881425
Belandia,Unit8,Small,Third Party,2012,0,-10354.00237,0,0
Belandia,Unit8,Small,Third Party,2013,0,0,0,0
Belandia,Unit8,Small,Third Party,2014,0,0.09339967,0,-0.096340884
Belandia,Unit8,Small,Third Party,2015,24.1711094,54976.45731,0,0
Belandia,Unit8,Small,Third Party,2016,133172092.8,24590286.76,116819028.8,-21968.08347
Belandia,Unit8,Small,Packaging,2012,24433600.72,25300291.68,73524194.67,1820778.785
Belandia,Unit8,Small,Packaging,2013,25488624.83,24650379.11,78972185.87,2551520.196
Belandia,Unit8,Small,Packaging,2014,22101657.64,25798379.12,71825894.89,1560032.615
Belandia,Unit8,Small,Packaging,2015,19081949.44,31130529.57,70218844.6,-1601344.069
Belandia,Unit8,Small,Packaging,2016,21143997.16,28065084.76,71800433.95,1278802.491
Belandia,Unit8,Small,Travel,2012,168414236.2,200961947.3,559730848.2,6176922.562
Belandia,Unit8,Small,Travel,2013,131579543.3,147532322.1,480841339.4,2149465.055
Belandia,Unit8,Small,Travel,2014,154443092.9,142746683.9,431332575.2,-5596523.687
Belandia,Unit8,Small,Travel,2015,183317950.2,136789603,450620550.9,-4501102.738
Belandia,Unit8,Small,Travel,2016,231198333.6,162285525.4,477461298.4,-7701831.611
Belandia,Unit8,Small,NA,2012,0,0,0,0
Belandia,Unit8,Small,NA,2013,0,-0.013394716,0,0
Belandia,Unit8,Small,NA,2014,0,4.233643479,0,-4.279560103
Belandia,Unit8,Small,NA,2015,0,0,0,0
Belandia,Unit8,Small,NA,2016,0,-0.428724892,0,0.429688088
Belandia,Unit8,Small,NA,2012,22829.24618,-4512937.391,-0.027232509,596.4949792
Belandia,Unit8,Small,NA,2013,56115.19864,-1266684.31,0,105.0382936
Belandia,Unit8,Small,NA,2014,86939.58229,379501.4224,0,-485.9486061
Belandia,Unit8,Small,NA,2015,-142659.7328,1116014.472,1510472.269,-204232.258
Belandia,Unit8,Small,NA,2016,10902492.99,21072295.16,31807684.65,-64096.9232
Belandia,Unit8,Small,Combined,2012,0,-2138.775089,0,0
Belandia,Unit8,Small,Combined,2013,0,0,0,0
Belandia,Unit8,Small,Combined,2014,0,0,0,0
Belandia,Unit8,Small,Combined,2016,-0.02722845,1.227544955,0.147948228,0
Belandia,Unit8,Small,Housing,2012,128575780.1,233295622.7,532557972.5,13749230.05
Belandia,Unit8,Small,Housing,2013,95196339.62,212887445.8,513418441.2,16545468.46
Belandia,Unit8,Small,Housing,2014,102820883.1,260052563.3,481102454.2,-14944658.83
Belandia,Unit8,Small,Housing,2015,114099457.6,203467198.3,421635525.9,12533298.34
Belandia,Unit8,Small,Housing,2016,219498623,246911892.2,665244106.2,1402825.888
Belandia,Unit8,Small,Accidents,2012,0,-7774.841144,0,0
Belandia,Unit8,Small,Accidents,2013,0,0,0,0
Belandia,Unit8,Small,Accidents,2015,0,-153.4775808,-3931.109946,387.916933
Belandia,Unit8,Small,Accidents,2016,48524157.05,10723504.18,53163710.4,0
,,,,,,,,
,,,,,,,,
,,,,,,,,
,,,,,,,,
,,,,,,,,
,,,,,,,,
,,,,,,,,
,,,,,,,,
,,,,,,,,
,,,,,,,,
,,,,,,,,
,,,,,,,,
,,,,,,,,
,,,,,,,,
,,,,,,,,
,,,,,,,,
,,,,,,,,
,,,,,,,,
,,,,,,,,
,,,,,,,,
,,,,,,,,
,,,,,,,,
,,,,,,,,
,,,,,,,,
,,,,,,,,
,,,,,,,,
,,,,,,,,
,,,,,,,,
,,,,,,,,
,,,,,,,,
,,,,,,,,
,,,,,,,,
,,,,,,,,
,,,,,,,,
,,,,,,,,
,,,,,,,,
,,,,,,,,
,,,,,,,,
,,,,,,,,
,,,,,,,,
,,,,,,,,
,,,,,,,,
,,,,,,,,
,,,,,,,,
,,,,,,,,
,,,,,,,,
,,,,,,,,
,,,,,,,,
,,,,,,,,
,,,,,,,,
,,,,,,,,
,,,,,,,,
,,,,,,,,
,,,,,,,,
,,,,,,,,
,,,,,,,,
,,,,,,,,
,,,,,,,,
,,,,,,,,
,,,,,,,,
,,,,,,,,
,,,,,,,,
,,,,,,,,
,,,,,,,,
,,,,,,,,
,,,,,,,,
,,,,,,,,
,,,,,,,,
,,,,,,,,
,,,,,,,,
,,,,,,,,
,,,,,,,,
,,,,,,,,
,,,,,,,,
,,,,,,,,
,,,,,,,,
,,,,,,,,
,,,,,,,,
,,,,,,,,
,,,,,,,,
,,,,,,,,
,,,,,,,,
,,,,,,,,
,,,,,,,,
,,,,,,,,
,,,,,,,,
,,,,,,,,
,,,,,,,,
,,,,,,,,
,,,,,,,,
,,,,,,,,
,,,,,,,,
,,,,,,,,
,,,,,,,,
,,,,,,,,
,,,,,,,,
,,,,,,,,
,,,,,,,,
,,,,,,,,
,,,,,,,,
,,,,,,,,
,,,,,,,,
,,,,,,,,
,,,,,,,,
,,,,,,,,
,,,,,,,,
,,,,,,,,
,,,,,,,,
,,,,,,,,
,,,,,,,,
,,,,,,,,
,,,,,,,,
,,,,,,,,
,,,,,,,,
,,,,,,,,
,,,,,,,,
,,,,,,,,
,,,,,,,,
,,,,,,,,
,,,,,,,,
,,,,,,,,
,,,,,,,,
,,,,,,,,
,,,,,,,,
,,,,,,,,
,,,,,,,,
,,,,,,,,
,,,,,,,,
,,,,,,,,
,,,,,,,,
,,,,,,,,
,,,,,,,,
,,,,,,,,
,,,,,,,,
,,,,,,,,
,,,,,,,,
,,,,,,,,
,,,,,,,,
,,,,,,,,
,,,,,,,,
,,,,,,,,
,,,,,,,,
,,,,,,,,
,,,,,,,,
,,,,,,,,
,,,,,,,,
,,,,,,,,
,,,,,,,,
,,,,,,,,
,,,,,,,,
,,,,,,,,
,,,,,,,,
,,,,,,,,
,,,,,,,,
,,,,,,,,
,,,,,,,,
,,,,,,,,
,,,,,,,,
,,,,,,,,
,,,,,,,,
,,,,,,,,
,,,,,,,,
,,,,,,,,
,,,,,,,,
,,,,,,,,
,,,,,,,,
,,,,,,,,
,,,,,,,,
,,,,,,,,
,,,,,,,,
,,,,,,,,
,,,,,,,,
,,,,,,,,
,,,,,,,,
,,,,,,,,
,,,,,,,,
,,,,,,,,
,,,,,,,,
,,,,,,,,
,,,,,,,,
,,,,,,,,
,,,,,,,,
,,,,,,,,
,,,,,,,,
,,,,,,,,
,,,,,,,,
,,,,,,,,
,,,,,,,,
,,,,,,,,
,,,,,,,,
,,,,,,,,
,,,,,,,,
,,,,,,,,
,,,,,,,,
,,,,,,,,
,,,,,,,,
,,,,,,,,
,,,,,,,,
,,,,,,,,
,,,,,,,,
,,,,,,,,
,,,,,,,,
,,,,,,,,
,,,,,,,,
,,,,,,,,
,,,,,,,,
,,,,,,,,
,,,,,,,,
,,,,,,,,
,,,,,,,,
,,,,,,,,
,,,,,,,,
,,,,,,,,
,,,,,,,,
,,,,,,,,
