level_2,level_5,dataset_type,ay,dev,Expr1
N06K1,ATT,CASE,1995,180,174652.7999
N06K1,ATT,CASE,1995,192,153389.29
N06K1,ATT,CASE,1995,204,271584.7899
N06K1,ATT,CASE,1995,216,245926.2
N06K1,ATT,CASE,1995,228,96763.1101
N06K1,ATT,CASE,1995,240,1099.0101
N06K1,ATT,CASE,1995,252,0.3499
N06K1,ATT,CASE,1995,264,0.8499
N06K1,ATT,CASE,1996,168,-8079.9601
N06K1,ATT,CASE,1996,180,-9187.1299
N06K1,ATT,CASE,1996,192,108514.12
N06K1,ATT,CASE,1996,204,4503.13
N06K1,ATT,CASE,1996,216,2973.0999
N06K1,ATT,CASE,1996,228,0
N06K1,ATT,CASE,1996,240,0
N06K1,ATT,CASE,1996,252,0
N06K1,ATT,CASE,1997,156,110247.44
N06K1,ATT,CASE,1997,168,96368.6
N06K1,ATT,CASE,1997,180,117410.1699
N06K1,ATT,CASE,1997,192,112386.97
N06K1,ATT,CASE,1997,204,155308.0499
N06K1,ATT,CASE,1997,216,61309.25
N06K1,ATT,CASE,1997,228,20090.33
N06K1,ATT,CASE,1997,240,17722.77
N06K1,ATT,CASE,1998,144,139930.89
N06K1,ATT,CASE,1998,156,133099.39
N06K1,ATT,CASE,1998,168,23490.4099
N06K1,ATT,CASE,1998,180,22735.13
N06K1,ATT,CASE,1998,192,22735.13
N06K1,ATT,CASE,1998,204,0
N06K1,ATT,CASE,1998,216,0
N06K1,ATT,CASE,1998,228,0
N06K1,ATT,CASE,1999,132,93771.1801
N06K1,ATT,CASE,1999,144,96174.8201
N06K1,ATT,CASE,1999,156,73637.22
N06K1,ATT,CASE,1999,168,25953.13
N06K1,ATT,CASE,1999,180,7740.96
N06K1,ATT,CASE,1999,192,0.25
N06K1,ATT,CASE,1999,204,0
N06K1,ATT,CASE,1999,216,0
N06K1,ATT,CASE,2000,120,105225.19
N06K1,ATT,CASE,2000,132,38091.4801
N06K1,ATT,CASE,2000,144,23767.45
N06K1,ATT,CASE,2000,156,20695.45
N06K1,ATT,CASE,2000,168,83783.41
N06K1,ATT,CASE,2000,180,150
N06K1,ATT,CASE,2000,192,150
N06K1,ATT,CASE,2000,204,15
N06K1,ATT,CASE,2001,108,385095.67
N06K1,ATT,CASE,2001,120,383135.77
N06K1,ATT,CASE,2001,132,304892.84
N06K1,ATT,CASE,2001,144,293630.59
N06K1,ATT,CASE,2001,156,21422.77
N06K1,ATT,CASE,2001,168,16331.04
N06K1,ATT,CASE,2001,180,12360.3
N06K1,ATT,CASE,2001,192,12360.3
N06K1,ATT,CASE,2002,96,861731.0801
N06K1,ATT,CASE,2002,108,587519.19
N06K1,ATT,CASE,2002,120,439132.44
N06K1,ATT,CASE,2002,132,362795.19
N06K1,ATT,CASE,2002,144,281728.71
N06K1,ATT,CASE,2002,156,115618.09
N06K1,ATT,CASE,2002,168,45297.6198
N06K1,ATT,CASE,2002,180,0.1499
N06K1,ATT,CASE,2003,84,515466.29
N06K1,ATT,CASE,2003,96,183441.34
N06K1,ATT,CASE,2003,108,183818.74
N06K1,ATT,CASE,2003,120,164640.84
N06K1,ATT,CASE,2003,132,159949.0899
N06K1,ATT,CASE,2003,144,159774.2799
N06K1,ATT,CASE,2003,156,43678.62
N06K1,ATT,CASE,2003,168,26637.9501
N06K1,ATT,CASE,2004,72,865331.4
N06K1,ATT,CASE,2004,84,469754.49
N06K1,ATT,CASE,2004,96,490352.78
N06K1,ATT,CASE,2004,108,428882.69
N06K1,ATT,CASE,2004,120,273992.73
N06K1,ATT,CASE,2004,132,8426.29
N06K1,ATT,CASE,2004,144,193.01
N06K1,ATT,CASE,2004,156,0.03
N06K1,ATT,CASE,2005,60,935032.72
N06K1,ATT,CASE,2005,72,728353.5
N06K1,ATT,CASE,2005,84,166264.22
N06K1,ATT,CASE,2005,96,195553.09
N06K1,ATT,CASE,2005,108,258243.38
N06K1,ATT,CASE,2005,120,-220885.72
N06K1,ATT,CASE,2005,132,32189.8099
N06K1,ATT,CASE,2005,144,9078.6499
N06K1,ATT,CASE,2006,48,2113393.1
N06K1,ATT,CASE,2006,60,1200678.54
N06K1,ATT,CASE,2006,72,1188587.92
N06K1,ATT,CASE,2006,84,921702.92
N06K1,ATT,CASE,2006,96,329681.44
N06K1,ATT,CASE,2006,108,243388.81
N06K1,ATT,CASE,2006,120,153595.5099
N06K1,ATT,CASE,2006,132,149419.62
N06K1,ATT,CASE,2007,36,4219042.07
N06K1,ATT,CASE,2007,48,2043460.63
N06K1,ATT,CASE,2007,60,1854192.2
N06K1,ATT,CASE,2007,72,981660.24
N06K1,ATT,CASE,2007,84,544449.74
N06K1,ATT,CASE,2007,96,761068.74
N06K1,ATT,CASE,2007,108,75747.3998
N06K1,ATT,CASE,2007,120,239835.55
N06K1,ATT,CASE,2008,24,9804001.82
N06K1,ATT,CASE,2008,36,5341840.48
N06K1,ATT,CASE,2008,48,4921399.88
N06K1,ATT,CASE,2008,60,1614288.48
N06K1,ATT,CASE,2008,72,1117570.64
N06K1,ATT,CASE,2008,84,760332.76
N06K1,ATT,CASE,2008,96,263050.5499
N06K1,ATT,CASE,2008,108,143917.65
N06K1,ATT,CASE,2009,12,14533228.84
N06K1,ATT,CASE,2009,24,8610537.65
N06K1,ATT,CASE,2009,36,4352963.44
N06K1,ATT,CASE,2009,48,4407851.43
N06K1,ATT,CASE,2009,60,1701436.98
N06K1,ATT,CASE,2009,72,1323406.07
N06K1,ATT,CASE,2009,84,1291877.86
N06K1,ATT,CASE,2009,96,354225.6899
N06K1,ATT,CASE,2010,12,15843435.92
N06K1,ATT,CASE,2010,24,10382199.52
N06K1,ATT,CASE,2010,36,5577658.792
N06K1,ATT,CASE,2010,48,4271171.903
N06K1,ATT,CASE,2010,60,2396157.392
N06K1,ATT,CASE,2010,72,816041.8699
N06K1,ATT,CASE,2010,84,319821.8201
N06K1,ATT,CASE,2011,12,10895585.32
N06K1,ATT,CASE,2011,24,6802351.983
N06K1,ATT,CASE,2011,36,3069642.513
N06K1,ATT,CASE,2011,48,1658757.593
N06K1,ATT,CASE,2011,60,711423.7701
N06K1,ATT,CASE,2011,72,110040.27
N06K1,ATT,CASE,2012,12,9367316.05
N06K1,ATT,CASE,2012,24,5530541.32
N06K1,ATT,CASE,2012,36,2399240.95
N06K1,ATT,CASE,2012,48,936616.6601
N06K1,ATT,CASE,2012,60,463030.27
N06K1,ATT,CASE,2013,12,11055437.32
N06K1,ATT,CASE,2013,24,6590286.25
N06K1,ATT,CASE,2013,36,3069822.34
N06K1,ATT,CASE,2013,48,1054032.28
N06K1,ATT,CASE,2014,12,11654060.25
N06K1,ATT,CASE,2014,24,5954751.2
N06K1,ATT,CASE,2014,36,2505277.47
N06K1,ATT,CASE,2015,12,11164016.55
N06K1,ATT,CASE,2015,24,6462940.57
N06K1,ATT,CASE,2016,12,7892906.26
N06K1,ATT,PAID,1995,180,55599161.64
N06K1,ATT,PAID,1995,192,55603923.37
N06K1,ATT,PAID,1995,204,55602057.31
N06K1,ATT,PAID,1995,216,54613518.13
N06K1,ATT,PAID,1995,228,54613518.13
N06K1,ATT,PAID,1995,240,54613518.13
N06K1,ATT,PAID,1995,252,54614584.99
N06K1,ATT,PAID,1995,264,54614584.99
N06K1,ATT,PAID,1996,168,38449544.39
N06K1,ATT,PAID,1996,180,38450644.71
N06K1,ATT,PAID,1996,192,38193358.94
N06K1,ATT,PAID,1996,204,38511864.81
N06K1,ATT,PAID,1996,216,38515114.85
N06K1,ATT,PAID,1996,228,38515114.85
N06K1,ATT,PAID,1996,240,38515206.24
N06K1,ATT,PAID,1996,252,38515206.24
N06K1,ATT,PAID,1997,156,28816268.01
N06K1,ATT,PAID,1997,168,28903216.1
N06K1,ATT,PAID,1997,180,28937570.6
N06K1,ATT,PAID,1997,192,28899161.13
N06K1,ATT,PAID,1997,204,28899672.72
N06K1,ATT,PAID,1997,216,28903021.52
N06K1,ATT,PAID,1997,228,28915721.38
N06K1,ATT,PAID,1997,240,28918088.94
N06K1,ATT,PAID,1998,144,42662863.14
N06K1,ATT,PAID,1998,156,42666214.65
N06K1,ATT,PAID,1998,168,42666251.64
N06K1,ATT,PAID,1998,180,42666551.64
N06K1,ATT,PAID,1998,192,42666551.64
N06K1,ATT,PAID,1998,204,42667251.64
N06K1,ATT,PAID,1998,216,42667251.64
N06K1,ATT,PAID,1998,228,42666851.64
N06K1,ATT,PAID,1999,132,72017861.12
N06K1,ATT,PAID,1999,144,72022546.06
N06K1,ATT,PAID,1999,156,72040631.57
N06K1,ATT,PAID,1999,168,72036128.47
N06K1,ATT,PAID,1999,180,72034007.99
N06K1,ATT,PAID,1999,192,72034007.99
N06K1,ATT,PAID,1999,204,72066627.8
N06K1,ATT,PAID,1999,216,72066627.8
N06K1,ATT,PAID,2000,120,29724129.5
N06K1,ATT,PAID,2000,132,29726668.29
N06K1,ATT,PAID,2000,144,30073361.45
N06K1,ATT,PAID,2000,156,30073361.45
N06K1,ATT,PAID,2000,168,30073361.45
N06K1,ATT,PAID,2000,180,30073361.45
N06K1,ATT,PAID,2000,192,30073374.19
N06K1,ATT,PAID,2000,204,30073374.19
N06K1,ATT,PAID,2001,108,48748879.61
N06K1,ATT,PAID,2001,120,48826266.91
N06K1,ATT,PAID,2001,132,48840608.58
N06K1,ATT,PAID,2001,144,48814299.36
N06K1,ATT,PAID,2001,156,48725508.63
N06K1,ATT,PAID,2001,168,49151184.04
N06K1,ATT,PAID,2001,180,49146373.79
N06K1,ATT,PAID,2001,192,49146373.79
N06K1,ATT,PAID,2002,96,19447883.98
N06K1,ATT,PAID,2002,108,19443206.81
N06K1,ATT,PAID,2002,120,19509370.16
N06K1,ATT,PAID,2002,132,20003402.66
N06K1,ATT,PAID,2002,144,20006429.36
N06K1,ATT,PAID,2002,156,19983929.36
N06K1,ATT,PAID,2002,168,20119667.28
N06K1,ATT,PAID,2002,180,20082162.53
N06K1,ATT,PAID,2003,84,1952003.683
N06K1,ATT,PAID,2003,96,2331041.611
N06K1,ATT,PAID,2003,108,2295839.134
N06K1,ATT,PAID,2003,120,2285354.662
N06K1,ATT,PAID,2003,132,2278629.663
N06K1,ATT,PAID,2003,144,2278629.663
N06K1,ATT,PAID,2003,156,2391873.052
N06K1,ATT,PAID,2003,168,2408913.582
N06K1,ATT,PAID,2004,72,13040889.42
N06K1,ATT,PAID,2004,84,12995849.43
N06K1,ATT,PAID,2004,96,12457987.32
N06K1,ATT,PAID,2004,108,12687047.43
N06K1,ATT,PAID,2004,120,13092638.9
N06K1,ATT,PAID,2004,132,13121891.72
N06K1,ATT,PAID,2004,144,13187790.8
N06K1,ATT,PAID,2004,156,13187790.8
N06K1,ATT,PAID,2005,60,15651326.39
N06K1,ATT,PAID,2005,72,15634320.08
N06K1,ATT,PAID,2005,84,15759189.92
N06K1,ATT,PAID,2005,96,15760740.35
N06K1,ATT,PAID,2005,108,15787491.71
N06K1,ATT,PAID,2005,120,15766084.07
N06K1,ATT,PAID,2005,132,15803279.43
N06K1,ATT,PAID,2005,144,15748679.05
N06K1,ATT,PAID,2006,48,19926030.13
N06K1,ATT,PAID,2006,60,19455685.33
N06K1,ATT,PAID,2006,72,19350081.97
N06K1,ATT,PAID,2006,84,19458434.96
N06K1,ATT,PAID,2006,96,19512296.93
N06K1,ATT,PAID,2006,108,19507846.65
N06K1,ATT,PAID,2006,120,19514200.36
N06K1,ATT,PAID,2006,132,19517417.8
N06K1,ATT,PAID,2007,36,14264692.14
N06K1,ATT,PAID,2007,48,14901054.5
N06K1,ATT,PAID,2007,60,15565688.89
N06K1,ATT,PAID,2007,72,15652035.43
N06K1,ATT,PAID,2007,84,15663740.22
N06K1,ATT,PAID,2007,96,15675924.48
N06K1,ATT,PAID,2007,108,15873956.79
N06K1,ATT,PAID,2007,120,15847899.5
N06K1,ATT,PAID,2008,24,12888648.52
N06K1,ATT,PAID,2008,36,15959212.41
N06K1,ATT,PAID,2008,48,17759243.15
N06K1,ATT,PAID,2008,60,18782205.05
N06K1,ATT,PAID,2008,72,18968963.53
N06K1,ATT,PAID,2008,84,18630280.15
N06K1,ATT,PAID,2008,96,18937352.62
N06K1,ATT,PAID,2008,108,18858016.23
N06K1,ATT,PAID,2009,12,5889843.488
N06K1,ATT,PAID,2009,24,18826674.47
N06K1,ATT,PAID,2009,36,21496726.86
N06K1,ATT,PAID,2009,48,22469054.15
N06K1,ATT,PAID,2009,60,23573315.33
N06K1,ATT,PAID,2009,72,23663404.74
N06K1,ATT,PAID,2009,84,24150469.01
N06K1,ATT,PAID,2009,96,24470099.84
N06K1,ATT,PAID,2010,12,6068108.129
N06K1,ATT,PAID,2010,24,18520765.13
N06K1,ATT,PAID,2010,36,20968479.29
N06K1,ATT,PAID,2010,48,22225792.27
N06K1,ATT,PAID,2010,60,22535518.52
N06K1,ATT,PAID,2010,72,22976417.54
N06K1,ATT,PAID,2010,84,23206344.28
N06K1,ATT,PAID,2011,12,2256061.863
N06K1,ATT,PAID,2011,24,6885555.186
N06K1,ATT,PAID,2011,36,9672538.118
N06K1,ATT,PAID,2011,48,10704195.83
N06K1,ATT,PAID,2011,60,11540244.52
N06K1,ATT,PAID,2011,72,11734439.74
N06K1,ATT,PAID,2012,12,2526194.921
N06K1,ATT,PAID,2012,24,8371474.119
N06K1,ATT,PAID,2012,36,10165928.64
N06K1,ATT,PAID,2012,48,11311072.68
N06K1,ATT,PAID,2012,60,11275807.99
N06K1,ATT,PAID,2013,12,3280338.42
N06K1,ATT,PAID,2013,24,10871723.69
N06K1,ATT,PAID,2013,36,14394698.18
N06K1,ATT,PAID,2013,48,15737749.57
N06K1,ATT,PAID,2014,12,3328106.019
N06K1,ATT,PAID,2014,24,11632799.3
N06K1,ATT,PAID,2014,36,14297700.57
N06K1,ATT,PAID,2015,12,2112062.919
N06K1,ATT,PAID,2015,24,8772798.13
N06K1,ATT,PAID,2016,12,2568454.509
N06K1,CAT,CASE,2003,84,0
N06K1,CAT,CASE,2003,96,0
N06K1,CAT,CASE,2003,108,0
N06K1,CAT,CASE,2003,120,0
N06K1,CAT,CASE,2003,132,0
N06K1,CAT,CASE,2003,144,0
N06K1,CAT,CASE,2003,156,0
N06K1,CAT,CASE,2003,168,16550
N06K1,CAT,CASE,2007,36,3200
N06K1,CAT,CASE,2007,48,0
N06K1,CAT,CASE,2007,60,0
N06K1,CAT,CASE,2007,72,0
N06K1,CAT,CASE,2007,84,0
N06K1,CAT,CASE,2007,96,0
N06K1,CAT,CASE,2007,108,0
N06K1,CAT,CASE,2007,120,0
N06K1,CAT,CASE,2009,12,21000
N06K1,CAT,CASE,2009,24,16119
N06K1,CAT,CASE,2009,36,0
N06K1,CAT,CASE,2009,48,0
N06K1,CAT,CASE,2009,60,0
N06K1,CAT,CASE,2009,72,0
N06K1,CAT,CASE,2009,84,0
N06K1,CAT,CASE,2009,96,0
N06K1,CAT,CASE,2010,12,11520000
N06K1,CAT,CASE,2010,24,2700524
N06K1,CAT,CASE,2010,36,70805
N06K1,CAT,CASE,2010,48,0
N06K1,CAT,CASE,2010,60,0
N06K1,CAT,CASE,2010,72,0
N06K1,CAT,CASE,2010,84,0
N06K1,CAT,CASE,2015,12,11165140
N06K1,CAT,CASE,2015,24,34861
N06K1,CAT,PAID,2003,84,10133704.67
N06K1,CAT,PAID,2003,96,10143676.87
N06K1,CAT,PAID,2003,108,10152625.99
N06K1,CAT,PAID,2003,120,10159926.11
N06K1,CAT,PAID,2003,132,10160556.17
N06K1,CAT,PAID,2003,144,10163995.74
N06K1,CAT,PAID,2003,156,10163995.74
N06K1,CAT,PAID,2003,168,10169183.51
N06K1,CAT,PAID,2007,36,765597.4175
N06K1,CAT,PAID,2007,48,765597.4175
N06K1,CAT,PAID,2007,60,765597.4175
N06K1,CAT,PAID,2007,72,765597.4175
N06K1,CAT,PAID,2007,84,765597.4175
N06K1,CAT,PAID,2007,96,765597.4175
N06K1,CAT,PAID,2007,108,765597.4175
N06K1,CAT,PAID,2007,120,765597.4175
N06K1,CAT,PAID,2009,12,10010700
N06K1,CAT,PAID,2009,24,10053693.67
N06K1,CAT,PAID,2009,36,10053693.67
N06K1,CAT,PAID,2009,48,10053729.16
N06K1,CAT,PAID,2009,60,10053729.16
N06K1,CAT,PAID,2009,72,10053729.16
N06K1,CAT,PAID,2009,84,10053729.16
N06K1,CAT,PAID,2009,96,10053729.16
N06K1,CAT,PAID,2010,12,0
N06K1,CAT,PAID,2010,24,10597440
N06K1,CAT,PAID,2010,36,13329984
N06K1,CAT,PAID,2010,48,13400789
N06K1,CAT,PAID,2010,60,13400789
N06K1,CAT,PAID,2010,72,13400789
N06K1,CAT,PAID,2010,84,13400789
N06K1,CAT,PAID,2015,12,34860.5
N06K1,CAT,PAID,2015,24,14149043.32
N06K1,LC,CASE,1995,180,22920
N06K1,LC,CASE,1995,192,22376
N06K1,LC,CASE,1995,204,21635
N06K1,LC,CASE,1995,216,21581
N06K1,LC,CASE,1995,228,21157
N06K1,LC,CASE,1995,240,5766
N06K1,LC,CASE,1995,252,2002
N06K1,LC,CASE,1995,264,9213
N06K1,LC,CASE,1996,168,270
N06K1,LC,CASE,1996,180,270
N06K1,LC,CASE,1996,192,270
N06K1,LC,CASE,1996,204,270
N06K1,LC,CASE,1996,216,0
N06K1,LC,CASE,1996,228,0
N06K1,LC,CASE,1996,240,0
N06K1,LC,CASE,1996,252,0
N06K1,LC,CASE,1997,156,5157
N06K1,LC,CASE,1997,168,44259
N06K1,LC,CASE,1997,180,0
N06K1,LC,CASE,1997,192,0
N06K1,LC,CASE,1997,204,0
N06K1,LC,CASE,1997,216,0
N06K1,LC,CASE,1997,228,0
N06K1,LC,CASE,1997,240,0
N06K1,LC,CASE,1998,144,2226
N06K1,LC,CASE,1998,156,2226
N06K1,LC,CASE,1998,168,0
N06K1,LC,CASE,1998,180,0
N06K1,LC,CASE,1998,192,0
N06K1,LC,CASE,1998,204,0
N06K1,LC,CASE,1998,216,0
N06K1,LC,CASE,1998,228,0
N06K1,LC,CASE,1999,132,0
N06K1,LC,CASE,1999,144,0
N06K1,LC,CASE,1999,156,0
N06K1,LC,CASE,1999,168,0
N06K1,LC,CASE,1999,180,0
N06K1,LC,CASE,1999,192,0
N06K1,LC,CASE,1999,204,0
N06K1,LC,CASE,1999,216,0
N06K1,LC,CASE,2000,120,239800
N06K1,LC,CASE,2000,132,180258
N06K1,LC,CASE,2000,144,210000
N06K1,LC,CASE,2000,156,0
N06K1,LC,CASE,2000,168,0
N06K1,LC,CASE,2000,180,0
N06K1,LC,CASE,2000,192,0
N06K1,LC,CASE,2000,204,0
N06K1,LC,CASE,2001,108,121054
N06K1,LC,CASE,2001,120,102119
N06K1,LC,CASE,2001,132,102119
N06K1,LC,CASE,2001,144,11608
N06K1,LC,CASE,2001,156,473303
N06K1,LC,CASE,2001,168,0
N06K1,LC,CASE,2001,180,0
N06K1,LC,CASE,2001,192,0
N06K1,LC,CASE,2002,96,508728
N06K1,LC,CASE,2002,108,508728
N06K1,LC,CASE,2002,120,514300
N06K1,LC,CASE,2002,132,503091
N06K1,LC,CASE,2002,144,500071
N06K1,LC,CASE,2002,156,526779
N06K1,LC,CASE,2002,168,524133
N06K1,LC,CASE,2002,180,704069
N06K1,LC,CASE,2003,84,830276
N06K1,LC,CASE,2003,96,190880
N06K1,LC,CASE,2003,108,192819
N06K1,LC,CASE,2003,120,1083085
N06K1,LC,CASE,2003,132,190186
N06K1,LC,CASE,2003,144,188386
N06K1,LC,CASE,2003,156,19354
N06K1,LC,CASE,2003,168,19354
N06K1,LC,CASE,2004,72,2056346
N06K1,LC,CASE,2004,84,794498
N06K1,LC,CASE,2004,96,847816
N06K1,LC,CASE,2004,108,116956
N06K1,LC,CASE,2004,120,161208
N06K1,LC,CASE,2004,132,161208
N06K1,LC,CASE,2004,144,493944
N06K1,LC,CASE,2004,156,410000
N06K1,LC,CASE,2005,60,781023
N06K1,LC,CASE,2005,72,794407
N06K1,LC,CASE,2005,84,657547
N06K1,LC,CASE,2005,96,19186
N06K1,LC,CASE,2005,108,16159
N06K1,LC,CASE,2005,120,47893
N06K1,LC,CASE,2005,132,5846
N06K1,LC,CASE,2005,144,8229
N06K1,LC,CASE,2006,48,1480823
N06K1,LC,CASE,2006,60,123760
N06K1,LC,CASE,2006,72,121974
N06K1,LC,CASE,2006,84,116974
N06K1,LC,CASE,2006,96,39694
N06K1,LC,CASE,2006,108,11580
N06K1,LC,CASE,2006,120,1406
N06K1,LC,CASE,2006,132,1202
N06K1,LC,CASE,2007,36,12520763
N06K1,LC,CASE,2007,48,6141252
N06K1,LC,CASE,2007,60,2854012
N06K1,LC,CASE,2007,72,5628
N06K1,LC,CASE,2007,84,-16579
N06K1,LC,CASE,2007,96,12765
N06K1,LC,CASE,2007,108,35369
N06K1,LC,CASE,2007,120,0
N06K1,LC,CASE,2008,24,8018170
N06K1,LC,CASE,2008,36,8634789
N06K1,LC,CASE,2008,48,3665974
N06K1,LC,CASE,2008,60,80110
N06K1,LC,CASE,2008,72,45557
N06K1,LC,CASE,2008,84,-1542
N06K1,LC,CASE,2008,96,195513
N06K1,LC,CASE,2008,108,451215
N06K1,LC,CASE,2009,12,36787989
N06K1,LC,CASE,2009,24,28481029
N06K1,LC,CASE,2009,36,13031060
N06K1,LC,CASE,2009,48,9347081
N06K1,LC,CASE,2009,60,3620989
N06K1,LC,CASE,2009,72,3288871
N06K1,LC,CASE,2009,84,2834919
N06K1,LC,CASE,2009,96,1114133
N06K1,LC,CASE,2010,12,28739556
N06K1,LC,CASE,2010,24,12447875
N06K1,LC,CASE,2010,36,4786850
N06K1,LC,CASE,2010,48,1316139
N06K1,LC,CASE,2010,60,790618
N06K1,LC,CASE,2010,72,654319
N06K1,LC,CASE,2010,84,214178
N06K1,LC,CASE,2011,12,45184731
N06K1,LC,CASE,2011,24,16324362
N06K1,LC,CASE,2011,36,2143952
N06K1,LC,CASE,2011,48,1928562
N06K1,LC,CASE,2011,60,1569862
N06K1,LC,CASE,2011,72,893925
N06K1,LC,CASE,2012,12,28127743
N06K1,LC,CASE,2012,24,11065968
N06K1,LC,CASE,2012,36,4680911
N06K1,LC,CASE,2012,48,89467
N06K1,LC,CASE,2012,60,871
N06K1,LC,CASE,2013,12,23559287
N06K1,LC,CASE,2013,24,8360981
N06K1,LC,CASE,2013,36,1321032
N06K1,LC,CASE,2013,48,3832
N06K1,LC,CASE,2014,12,13492838
N06K1,LC,CASE,2014,24,7370257
N06K1,LC,CASE,2014,36,3742352
N06K1,LC,CASE,2015,12,26256200
N06K1,LC,CASE,2015,24,13645490
N06K1,LC,CASE,2016,12,13672622
N06K1,LC,PAID,1995,180,7005128.064
N06K1,LC,PAID,1995,192,6641027.754
N06K1,LC,PAID,1995,204,6641769.104
N06K1,LC,PAID,1995,216,6642028.634
N06K1,LC,PAID,1995,228,6642518.804
N06K1,LC,PAID,1995,240,6642910.264
N06K1,LC,PAID,1995,252,6649388.434
N06K1,LC,PAID,1995,264,6653626.934
N06K1,LC,PAID,1996,168,2084225.226
N06K1,LC,PAID,1996,180,2084225.226
N06K1,LC,PAID,1996,192,2084225.226
N06K1,LC,PAID,1996,204,2084225.226
N06K1,LC,PAID,1996,216,2084225.226
N06K1,LC,PAID,1996,228,2084225.226
N06K1,LC,PAID,1996,240,2084225.226
N06K1,LC,PAID,1996,252,2084225.226
N06K1,LC,PAID,1997,156,965931.9049
N06K1,LC,PAID,1997,168,965931.9049
N06K1,LC,PAID,1997,180,985636.5198
N06K1,LC,PAID,1997,192,986565.0526
N06K1,LC,PAID,1997,204,986565.0526
N06K1,LC,PAID,1997,216,986565.0526
N06K1,LC,PAID,1997,228,986565.0526
N06K1,LC,PAID,1997,240,986565.0526
N06K1,LC,PAID,1998,144,4643665.645
N06K1,LC,PAID,1998,156,4643665.645
N06K1,LC,PAID,1998,168,4643665.645
N06K1,LC,PAID,1998,180,4643665.645
N06K1,LC,PAID,1998,192,4643665.645
N06K1,LC,PAID,1998,204,4643665.645
N06K1,LC,PAID,1998,216,4643665.645
N06K1,LC,PAID,1998,228,4643665.645
N06K1,LC,PAID,1999,132,2723732.815
N06K1,LC,PAID,1999,144,2723732.815
N06K1,LC,PAID,1999,156,2723732.815
N06K1,LC,PAID,1999,168,2723732.815
N06K1,LC,PAID,1999,180,2723732.815
N06K1,LC,PAID,1999,192,2723732.815
N06K1,LC,PAID,1999,204,2723732.815
N06K1,LC,PAID,1999,216,2723732.815
N06K1,LC,PAID,2000,120,1180947.83
N06K1,LC,PAID,2000,132,1272257.044
N06K1,LC,PAID,2000,144,695502.54
N06K1,LC,PAID,2000,156,695502.54
N06K1,LC,PAID,2000,168,695502.54
N06K1,LC,PAID,2000,180,695502.54
N06K1,LC,PAID,2000,192,695502.54
N06K1,LC,PAID,2000,204,695502.54
N06K1,LC,PAID,2001,108,7468020.731
N06K1,LC,PAID,2001,120,7471384.281
N06K1,LC,PAID,2001,132,7471384.281
N06K1,LC,PAID,2001,144,7471176.169
N06K1,LC,PAID,2001,156,7009480.279
N06K1,LC,PAID,2001,168,6485790.479
N06K1,LC,PAID,2001,180,6485790.479
N06K1,LC,PAID,2001,192,6485790.479
N06K1,LC,PAID,2002,96,41651673.3
N06K1,LC,PAID,2002,108,41651673.3
N06K1,LC,PAID,2002,120,41655350.52
N06K1,LC,PAID,2002,132,41158990.2
N06K1,LC,PAID,2002,144,41161310.44
N06K1,LC,PAID,2002,156,41164595.84
N06K1,LC,PAID,2002,168,41167241.84
N06K1,LC,PAID,2002,180,42008005.9
N06K1,LC,PAID,2003,84,42743543.74
N06K1,LC,PAID,2003,96,42196237.68
N06K1,LC,PAID,2003,108,42199297.66
N06K1,LC,PAID,2003,120,42226558.75
N06K1,LC,PAID,2003,132,42268469.73
N06K1,LC,PAID,2003,144,42268469.73
N06K1,LC,PAID,2003,156,42114223.42
N06K1,LC,PAID,2003,168,42114223.42
N06K1,LC,PAID,2004,72,31529287.23
N06K1,LC,PAID,2004,84,31777728
N06K1,LC,PAID,2004,96,32294861.65
N06K1,LC,PAID,2004,108,32058010.05
N06K1,LC,PAID,2004,120,32013758.05
N06K1,LC,PAID,2004,132,32013758.05
N06K1,LC,PAID,2004,144,32031758.05
N06K1,LC,PAID,2004,156,32031758.05
N06K1,LC,PAID,2005,60,65446358.26
N06K1,LC,PAID,2005,72,65486989.46
N06K1,LC,PAID,2005,84,65518228.91
N06K1,LC,PAID,2005,96,66001534.64
N06K1,LC,PAID,2005,108,66005441.04
N06K1,LC,PAID,2005,120,66007059.24
N06K1,LC,PAID,2005,132,66030769.91
N06K1,LC,PAID,2005,144,66043387.16
N06K1,LC,PAID,2006,48,40157216.15
N06K1,LC,PAID,2006,60,40709807.33
N06K1,LC,PAID,2006,72,40721933.28
N06K1,LC,PAID,2006,84,40721933.28
N06K1,LC,PAID,2006,96,40726650.03
N06K1,LC,PAID,2006,108,40745786.03
N06K1,LC,PAID,2006,120,40755959.97
N06K1,LC,PAID,2006,132,40766164.35
N06K1,LC,PAID,2007,36,34319090.94
N06K1,LC,PAID,2007,48,41704622.45
N06K1,LC,PAID,2007,60,42033419.2
N06K1,LC,PAID,2007,72,43603404.44
N06K1,LC,PAID,2007,84,43625595.68
N06K1,LC,PAID,2007,96,43659201.15
N06K1,LC,PAID,2007,108,43656696.87
N06K1,LC,PAID,2007,120,43373976.87
N06K1,LC,PAID,2008,24,52474001.43
N06K1,LC,PAID,2008,36,53219311.02
N06K1,LC,PAID,2008,48,53172779.15
N06K1,LC,PAID,2008,60,56517130.81
N06K1,LC,PAID,2008,72,56554423.36
N06K1,LC,PAID,2008,84,57044057.51
N06K1,LC,PAID,2008,96,56015625.45
N06K1,LC,PAID,2008,108,56118318.12
N06K1,LC,PAID,2009,12,5995379.135
N06K1,LC,PAID,2009,24,28851964.36
N06K1,LC,PAID,2009,36,43785943.03
N06K1,LC,PAID,2009,48,46696356.11
N06K1,LC,PAID,2009,60,51459501.76
N06K1,LC,PAID,2009,72,51866078.94
N06K1,LC,PAID,2009,84,52233906.74
N06K1,LC,PAID,2009,96,53096071.14
N06K1,LC,PAID,2010,12,18742058.9
N06K1,LC,PAID,2010,24,33795004.9
N06K1,LC,PAID,2010,36,40501842.59
N06K1,LC,PAID,2010,48,43565409.82
N06K1,LC,PAID,2010,60,43621278.39
N06K1,LC,PAID,2010,72,42803225.82
N06K1,LC,PAID,2010,84,43397064.27
N06K1,LC,PAID,2011,12,21825135.2
N06K1,LC,PAID,2011,24,51903171.28
N06K1,LC,PAID,2011,36,64731208.75
N06K1,LC,PAID,2011,48,64814282.65
N06K1,LC,PAID,2011,60,64899136.05
N06K1,LC,PAID,2011,72,66489398.66
N06K1,LC,PAID,2012,12,12919031.24
N06K1,LC,PAID,2012,24,30962064.74
N06K1,LC,PAID,2012,36,35421736.3
N06K1,LC,PAID,2012,48,36576285.93
N06K1,LC,PAID,2012,60,36774882.64
N06K1,LC,PAID,2013,12,4400702.349
N06K1,LC,PAID,2013,24,22504833.78
N06K1,LC,PAID,2013,36,27174055.27
N06K1,LC,PAID,2013,48,30233926.01
N06K1,LC,PAID,2014,12,1419602.26
N06K1,LC,PAID,2014,24,11298263.57
N06K1,LC,PAID,2014,36,14292854.55
N06K1,LC,PAID,2015,12,3307690.142
N06K1,LC,PAID,2015,24,19847173.7
N06K1,LC,PAID,2016,12,7186718.933
N07K1,ATT,CASE,1995,180,3509621.31
N07K1,ATT,CASE,1995,192,2718183.18
N07K1,ATT,CASE,1995,204,2301840.29
N07K1,ATT,CASE,1995,216,1956989.11
N07K1,ATT,CASE,1995,228,2548078.91
N07K1,ATT,CASE,1995,240,2864805.29
N07K1,ATT,CASE,1995,252,2107259.11
N07K1,ATT,CASE,1995,264,2177736.27
N07K1,ATT,CASE,1996,168,745431.89
N07K1,ATT,CASE,1996,180,592268.2
N07K1,ATT,CASE,1996,192,574885.87
N07K1,ATT,CASE,1996,204,517184.52
N07K1,ATT,CASE,1996,216,402019.26
N07K1,ATT,CASE,1996,228,369788.64
N07K1,ATT,CASE,1996,240,303857.76
N07K1,ATT,CASE,1996,252,306608.1898
N07K1,ATT,CASE,1997,156,644274.58
N07K1,ATT,CASE,1997,168,329777.81
N07K1,ATT,CASE,1997,180,79466.55
N07K1,ATT,CASE,1997,192,91223.04
N07K1,ATT,CASE,1997,204,107455.37
N07K1,ATT,CASE,1997,216,253285.95
N07K1,ATT,CASE,1997,228,94746.7
N07K1,ATT,CASE,1997,240,94733.0901
N07K1,ATT,CASE,1998,144,1025247.28
N07K1,ATT,CASE,1998,156,339511.59
N07K1,ATT,CASE,1998,168,341883.07
N07K1,ATT,CASE,1998,180,159208.7099
N07K1,ATT,CASE,1998,192,127608.5099
N07K1,ATT,CASE,1998,204,128638.2599
N07K1,ATT,CASE,1998,216,6181.98
N07K1,ATT,CASE,1998,228,2224.7
N07K1,ATT,CASE,1999,132,395304.37
N07K1,ATT,CASE,1999,144,366611.32
N07K1,ATT,CASE,1999,156,707910.11
N07K1,ATT,CASE,1999,168,602603.31
N07K1,ATT,CASE,1999,180,2175600.94
N07K1,ATT,CASE,1999,192,3248960.03
N07K1,ATT,CASE,1999,204,4731100.62
N07K1,ATT,CASE,1999,216,4384881.65
N07K1,ATT,CASE,2000,120,1844743.242
N07K1,ATT,CASE,2000,132,1266936.274
N07K1,ATT,CASE,2000,144,1063520.114
N07K1,ATT,CASE,2000,156,707596.3787
N07K1,ATT,CASE,2000,168,269572.5806
N07K1,ATT,CASE,2000,180,53803.07015
N07K1,ATT,CASE,2000,192,67895.2099
N07K1,ATT,CASE,2000,204,58800
N07K1,ATT,CASE,2001,108,1948842.92
N07K1,ATT,CASE,2001,120,1403667.33
N07K1,ATT,CASE,2001,132,896061.45
N07K1,ATT,CASE,2001,144,509479.29
N07K1,ATT,CASE,2001,156,463425.31
N07K1,ATT,CASE,2001,168,246790.24
N07K1,ATT,CASE,2001,180,6096.3899
N07K1,ATT,CASE,2001,192,16072.6899
N07K1,ATT,CASE,2002,96,2878132.44
N07K1,ATT,CASE,2002,108,1966256.11
N07K1,ATT,CASE,2002,120,1761444.41
N07K1,ATT,CASE,2002,132,1303892.84
N07K1,ATT,CASE,2002,144,875834.0199
N07K1,ATT,CASE,2002,156,1036951.86
N07K1,ATT,CASE,2002,168,584188.9399
N07K1,ATT,CASE,2002,180,550308.08
N07K1,ATT,CASE,2003,84,3850367.87
N07K1,ATT,CASE,2003,96,2249990.04
N07K1,ATT,CASE,2003,108,1850897.13
N07K1,ATT,CASE,2003,120,1404746.88
N07K1,ATT,CASE,2003,132,828410.1
N07K1,ATT,CASE,2003,144,558481.9299
N07K1,ATT,CASE,2003,156,260589.8099
N07K1,ATT,CASE,2003,168,204107.8
N07K1,ATT,CASE,2004,72,6676277.46
N07K1,ATT,CASE,2004,84,4408214.69
N07K1,ATT,CASE,2004,96,2794102.17
N07K1,ATT,CASE,2004,108,2161100.15
N07K1,ATT,CASE,2004,120,2260707.72
N07K1,ATT,CASE,2004,132,1298102.78
N07K1,ATT,CASE,2004,144,426005.5999
N07K1,ATT,CASE,2004,156,82507.7201
N07K1,ATT,CASE,2005,60,7026418.98
N07K1,ATT,CASE,2005,72,5246755.04
N07K1,ATT,CASE,2005,84,3974284.96
N07K1,ATT,CASE,2005,96,2819427.17
N07K1,ATT,CASE,2005,108,2550498
N07K1,ATT,CASE,2005,120,1863385.05
N07K1,ATT,CASE,2005,132,1115762.01
N07K1,ATT,CASE,2005,144,1043068.45
N07K1,ATT,CASE,2006,48,13273475.14
N07K1,ATT,CASE,2006,60,9405356.84
N07K1,ATT,CASE,2006,72,7558038.59
N07K1,ATT,CASE,2006,84,4615595.68
N07K1,ATT,CASE,2006,96,3974240.53
N07K1,ATT,CASE,2006,108,2717183.96
N07K1,ATT,CASE,2006,120,2202914.22
N07K1,ATT,CASE,2006,132,935280.3799
N07K1,ATT,CASE,2007,36,12343588.48
N07K1,ATT,CASE,2007,48,8676845.54
N07K1,ATT,CASE,2007,60,5879249.34
N07K1,ATT,CASE,2007,72,4802385.17
N07K1,ATT,CASE,2007,84,4691012.6
N07K1,ATT,CASE,2007,96,3159959.03
N07K1,ATT,CASE,2007,108,1890221.03
N07K1,ATT,CASE,2007,120,2210381.6
N07K1,ATT,CASE,2008,24,22099471.33
N07K1,ATT,CASE,2008,36,15096051.84
N07K1,ATT,CASE,2008,48,13360465.01
N07K1,ATT,CASE,2008,60,9854509.93
N07K1,ATT,CASE,2008,72,7651258.83
N07K1,ATT,CASE,2008,84,6196843.61
N07K1,ATT,CASE,2008,96,3141758.46
N07K1,ATT,CASE,2008,108,2509764.82
N07K1,ATT,CASE,2009,12,15309795.28
N07K1,ATT,CASE,2009,24,18946685.88
N07K1,ATT,CASE,2009,36,16403069.07
N07K1,ATT,CASE,2009,48,14453083.63
N07K1,ATT,CASE,2009,60,11575939.21
N07K1,ATT,CASE,2009,72,9220572.56
N07K1,ATT,CASE,2009,84,6451691.51
N07K1,ATT,CASE,2009,96,4392345.06
N07K1,ATT,CASE,2010,12,15791851.64
N07K1,ATT,CASE,2010,24,19080411.07
N07K1,ATT,CASE,2010,36,13473328.93
N07K1,ATT,CASE,2010,48,11695999.64
N07K1,ATT,CASE,2010,60,9667429.95
N07K1,ATT,CASE,2010,72,7239989.72
N07K1,ATT,CASE,2010,84,5342267.9
N07K1,ATT,CASE,2011,12,16564754.46
N07K1,ATT,CASE,2011,24,20607725.64
N07K1,ATT,CASE,2011,36,16525533.81
N07K1,ATT,CASE,2011,48,12846991.89
N07K1,ATT,CASE,2011,60,9480561.56
N07K1,ATT,CASE,2011,72,6506752.95
N07K1,ATT,CASE,2012,12,11447306.64
N07K1,ATT,CASE,2012,24,15517255.91
N07K1,ATT,CASE,2012,36,13648867.75
N07K1,ATT,CASE,2012,48,11411387.56
N07K1,ATT,CASE,2012,60,11975756.95
N07K1,ATT,CASE,2013,12,14951809.92
N07K1,ATT,CASE,2013,24,14488459.88
N07K1,ATT,CASE,2013,36,12199940.19
N07K1,ATT,CASE,2013,48,8946653.894
N07K1,ATT,CASE,2014,12,9188029.374
N07K1,ATT,CASE,2014,24,15344171.18
N07K1,ATT,CASE,2014,36,13043045.78
N07K1,ATT,CASE,2015,12,12571388.73
N07K1,ATT,CASE,2015,24,13985092.23
N07K1,ATT,CASE,2016,12,10081036.14
N07K1,ATT,PAID,1995,180,11844573.88
N07K1,ATT,PAID,1995,192,11927731.94
N07K1,ATT,PAID,1995,204,12377134.37
N07K1,ATT,PAID,1995,216,12507571.7
N07K1,ATT,PAID,1995,228,12458329.15
N07K1,ATT,PAID,1995,240,12515918.08
N07K1,ATT,PAID,1995,252,12554286
N07K1,ATT,PAID,1995,264,12698799.89
N07K1,ATT,PAID,1996,168,5202290.98
N07K1,ATT,PAID,1996,180,5203885.08
N07K1,ATT,PAID,1996,192,5219451.59
N07K1,ATT,PAID,1996,204,5220705.84
N07K1,ATT,PAID,1996,216,5227709.83
N07K1,ATT,PAID,1996,228,5261787.62
N07K1,ATT,PAID,1996,240,5253780.09
N07K1,ATT,PAID,1996,252,5258271.51
N07K1,ATT,PAID,1997,156,6882262.745
N07K1,ATT,PAID,1997,168,6890146.085
N07K1,ATT,PAID,1997,180,6899228.545
N07K1,ATT,PAID,1997,192,6908060.775
N07K1,ATT,PAID,1997,204,6919486.485
N07K1,ATT,PAID,1997,216,6920961.555
N07K1,ATT,PAID,1997,228,7030902.585
N07K1,ATT,PAID,1997,240,7030903.525
N07K1,ATT,PAID,1998,144,7643969.51
N07K1,ATT,PAID,1998,156,7447724.71
N07K1,ATT,PAID,1998,168,7892906.51
N07K1,ATT,PAID,1998,180,7895384.52
N07K1,ATT,PAID,1998,192,7895384.52
N07K1,ATT,PAID,1998,204,7899679.92
N07K1,ATT,PAID,1998,216,7899679.92
N07K1,ATT,PAID,1998,228,7899817.74
N07K1,ATT,PAID,1999,132,8345735.7
N07K1,ATT,PAID,1999,144,8351052.3
N07K1,ATT,PAID,1999,156,8497816.92
N07K1,ATT,PAID,1999,168,8517439.83
N07K1,ATT,PAID,1999,180,8618900.39
N07K1,ATT,PAID,1999,192,8629643.94
N07K1,ATT,PAID,1999,204,8661263.95
N07K1,ATT,PAID,1999,216,8714769.53
N07K1,ATT,PAID,2000,120,11502015.6
N07K1,ATT,PAID,2000,132,11591142.12
N07K1,ATT,PAID,2000,144,11643087.5
N07K1,ATT,PAID,2000,156,11653638.41
N07K1,ATT,PAID,2000,168,11742986.11
N07K1,ATT,PAID,2000,180,11750889.81
N07K1,ATT,PAID,2000,192,11989955.92
N07K1,ATT,PAID,2000,204,11991865.66
N07K1,ATT,PAID,2001,108,6981986.424
N07K1,ATT,PAID,2001,120,7025151.404
N07K1,ATT,PAID,2001,132,7285974.294
N07K1,ATT,PAID,2001,144,7471655.954
N07K1,ATT,PAID,2001,156,7519046.984
N07K1,ATT,PAID,2001,168,7557543.104
N07K1,ATT,PAID,2001,180,8057464.014
N07K1,ATT,PAID,2001,192,8057464.014
N07K1,ATT,PAID,2002,96,9478189.151
N07K1,ATT,PAID,2002,108,9936679.501
N07K1,ATT,PAID,2002,120,10051706.38
N07K1,ATT,PAID,2002,132,10212729.26
N07K1,ATT,PAID,2002,144,10560662.96
N07K1,ATT,PAID,2002,156,10595921.4
N07K1,ATT,PAID,2002,168,10648255.21
N07K1,ATT,PAID,2002,180,10668606.43
N07K1,ATT,PAID,2003,84,7656021.465
N07K1,ATT,PAID,2003,96,7896017.435
N07K1,ATT,PAID,2003,108,8508188.975
N07K1,ATT,PAID,2003,120,8723540.395
N07K1,ATT,PAID,2003,132,8804617.045
N07K1,ATT,PAID,2003,144,8787129.545
N07K1,ATT,PAID,2003,156,8849073.205
N07K1,ATT,PAID,2003,168,9309665.725
N07K1,ATT,PAID,2004,72,7871699.374
N07K1,ATT,PAID,2004,84,8013592.214
N07K1,ATT,PAID,2004,96,8751267.734
N07K1,ATT,PAID,2004,108,9260253.944
N07K1,ATT,PAID,2004,120,9529183.184
N07K1,ATT,PAID,2004,132,9664041.344
N07K1,ATT,PAID,2004,144,10278123.87
N07K1,ATT,PAID,2004,156,9852092.594
N07K1,ATT,PAID,2005,60,8904889.663
N07K1,ATT,PAID,2005,72,9729778.913
N07K1,ATT,PAID,2005,84,10044482.16
N07K1,ATT,PAID,2005,96,10333047.59
N07K1,ATT,PAID,2005,108,9999605.37
N07K1,ATT,PAID,2005,120,10334559.32
N07K1,ATT,PAID,2005,132,10445496.25
N07K1,ATT,PAID,2005,144,10907847.98
N07K1,ATT,PAID,2006,48,10852920.49
N07K1,ATT,PAID,2006,60,11616402.15
N07K1,ATT,PAID,2006,72,12325184.6
N07K1,ATT,PAID,2006,84,15111757.99
N07K1,ATT,PAID,2006,96,13257771.07
N07K1,ATT,PAID,2006,108,13229407.72
N07K1,ATT,PAID,2006,120,13802542.3
N07K1,ATT,PAID,2006,132,14206929.24
N07K1,ATT,PAID,2007,36,7316195
N07K1,ATT,PAID,2007,48,9086960.86
N07K1,ATT,PAID,2007,60,9827259.09
N07K1,ATT,PAID,2007,72,11465525.7
N07K1,ATT,PAID,2007,84,12462769.97
N07K1,ATT,PAID,2007,96,12565322.41
N07K1,ATT,PAID,2007,108,13115624.42
N07K1,ATT,PAID,2007,120,14158890.5
N07K1,ATT,PAID,2008,24,5194383.615
N07K1,ATT,PAID,2008,36,7852465.295
N07K1,ATT,PAID,2008,48,9131713.622
N07K1,ATT,PAID,2008,60,12233527.89
N07K1,ATT,PAID,2008,72,13931133.95
N07K1,ATT,PAID,2008,84,14831677.68
N07K1,ATT,PAID,2008,96,16116765.69
N07K1,ATT,PAID,2008,108,17097319.78
N07K1,ATT,PAID,2009,12,1147098.602
N07K1,ATT,PAID,2009,24,4309138.895
N07K1,ATT,PAID,2009,36,6574633.503
N07K1,ATT,PAID,2009,48,10867436.33
N07K1,ATT,PAID,2009,60,12894988.84
N07K1,ATT,PAID,2009,72,14023897.43
N07K1,ATT,PAID,2009,84,15908524.2
N07K1,ATT,PAID,2009,96,16816495.11
N07K1,ATT,PAID,2010,12,1444153.03
N07K1,ATT,PAID,2010,24,4168281.061
N07K1,ATT,PAID,2010,36,8066007.758
N07K1,ATT,PAID,2010,48,9737553.788
N07K1,ATT,PAID,2010,60,11531285.85
N07K1,ATT,PAID,2010,72,12733427.6
N07K1,ATT,PAID,2010,84,14208203.68
N07K1,ATT,PAID,2011,12,1050606.517
N07K1,ATT,PAID,2011,24,5411795.053
N07K1,ATT,PAID,2011,36,9901675.012
N07K1,ATT,PAID,2011,48,12025040.36
N07K1,ATT,PAID,2011,60,13512963.64
N07K1,ATT,PAID,2011,72,16042093.1
N07K1,ATT,PAID,2012,12,1361742.68
N07K1,ATT,PAID,2012,24,6042108.726
N07K1,ATT,PAID,2012,36,9174489.059
N07K1,ATT,PAID,2012,48,12571240.27
N07K1,ATT,PAID,2012,60,14271852.52
N07K1,ATT,PAID,2013,12,1511336.18
N07K1,ATT,PAID,2013,24,7312143.502
N07K1,ATT,PAID,2013,36,11320293.25
N07K1,ATT,PAID,2013,48,13230807.15
N07K1,ATT,PAID,2014,12,1310066.555
N07K1,ATT,PAID,2014,24,5199411.628
N07K1,ATT,PAID,2014,36,9854715.545
N07K1,ATT,PAID,2015,12,1263065.62
N07K1,ATT,PAID,2015,24,5326369.536
N07K1,ATT,PAID,2016,12,775160.28
N07K1,LC,CASE,1995,180,2975985
N07K1,LC,CASE,1995,192,2976162
N07K1,LC,CASE,1995,204,2780967
N07K1,LC,CASE,1995,216,2720334
N07K1,LC,CASE,1995,228,3199039
N07K1,LC,CASE,1995,240,2775007
N07K1,LC,CASE,1995,252,2752105
N07K1,LC,CASE,1995,264,4237799
N07K1,LC,CASE,1996,168,1550228
N07K1,LC,CASE,1996,180,1549070
N07K1,LC,CASE,1996,192,508132
N07K1,LC,CASE,1996,204,0
N07K1,LC,CASE,1996,216,0
N07K1,LC,CASE,1996,228,0
N07K1,LC,CASE,1996,240,0
N07K1,LC,CASE,1996,252,0
N07K1,LC,CASE,1997,156,0
N07K1,LC,CASE,1997,168,0
N07K1,LC,CASE,1997,180,0
N07K1,LC,CASE,1997,192,0
N07K1,LC,CASE,1997,204,0
N07K1,LC,CASE,1997,216,0
N07K1,LC,CASE,1997,228,0
N07K1,LC,CASE,1997,240,0
N07K1,LC,CASE,1998,144,7460
N07K1,LC,CASE,1998,156,103977
N07K1,LC,CASE,1998,168,0
N07K1,LC,CASE,1998,180,0
N07K1,LC,CASE,1998,192,0
N07K1,LC,CASE,1998,204,0
N07K1,LC,CASE,1998,216,0
N07K1,LC,CASE,1998,228,0
N07K1,LC,CASE,1999,132,0
N07K1,LC,CASE,1999,144,0
N07K1,LC,CASE,1999,156,0
N07K1,LC,CASE,1999,168,0
N07K1,LC,CASE,1999,180,0
N07K1,LC,CASE,1999,192,0
N07K1,LC,CASE,1999,204,0
N07K1,LC,CASE,1999,216,0
N07K1,LC,CASE,2000,120,0
N07K1,LC,CASE,2000,132,0
N07K1,LC,CASE,2000,144,0
N07K1,LC,CASE,2000,156,0
N07K1,LC,CASE,2000,168,0
N07K1,LC,CASE,2000,180,0
N07K1,LC,CASE,2000,192,0
N07K1,LC,CASE,2000,204,0
N07K1,LC,CASE,2001,108,313580
N07K1,LC,CASE,2001,120,72919
N07K1,LC,CASE,2001,132,50412
N07K1,LC,CASE,2001,144,47167
N07K1,LC,CASE,2001,156,47199
N07K1,LC,CASE,2001,168,1786
N07K1,LC,CASE,2001,180,0
N07K1,LC,CASE,2001,192,0
N07K1,LC,CASE,2002,96,18194764
N07K1,LC,CASE,2002,108,14178756
N07K1,LC,CASE,2002,120,6783304
N07K1,LC,CASE,2002,132,6783194
N07K1,LC,CASE,2002,144,6782538
N07K1,LC,CASE,2002,156,6137455
N07K1,LC,CASE,2002,168,5965025
N07K1,LC,CASE,2002,180,5749820
N07K1,LC,CASE,2003,84,2616633
N07K1,LC,CASE,2003,96,2377870
N07K1,LC,CASE,2003,108,2327457
N07K1,LC,CASE,2003,120,1815330
N07K1,LC,CASE,2003,132,1312977
N07K1,LC,CASE,2003,144,1338907
N07K1,LC,CASE,2003,156,1329441
N07K1,LC,CASE,2003,168,491313
N07K1,LC,CASE,2004,72,691010
N07K1,LC,CASE,2004,84,1893957
N07K1,LC,CASE,2004,96,1577461
N07K1,LC,CASE,2004,108,1565113
N07K1,LC,CASE,2004,120,1564428
N07K1,LC,CASE,2004,132,2378029
N07K1,LC,CASE,2004,144,1286007
N07K1,LC,CASE,2004,156,1221589
N07K1,LC,CASE,2005,60,11162265
N07K1,LC,CASE,2005,72,10547492
N07K1,LC,CASE,2005,84,10519740
N07K1,LC,CASE,2005,96,5014276
N07K1,LC,CASE,2005,108,8329026
N07K1,LC,CASE,2005,120,8310932
N07K1,LC,CASE,2005,132,6241931
N07K1,LC,CASE,2005,144,3189980
N07K1,LC,CASE,2006,48,2422840
N07K1,LC,CASE,2006,60,2325023
N07K1,LC,CASE,2006,72,4758948
N07K1,LC,CASE,2006,84,3514807
N07K1,LC,CASE,2006,96,4056024
N07K1,LC,CASE,2006,108,2681435
N07K1,LC,CASE,2006,120,2003781
N07K1,LC,CASE,2006,132,2867181
N07K1,LC,CASE,2007,36,6766004
N07K1,LC,CASE,2007,48,4868025
N07K1,LC,CASE,2007,60,5354986
N07K1,LC,CASE,2007,72,2763227
N07K1,LC,CASE,2007,84,2196370
N07K1,LC,CASE,2007,96,2262914
N07K1,LC,CASE,2007,108,3011044
N07K1,LC,CASE,2007,120,1464925
N07K1,LC,CASE,2008,24,5246121
N07K1,LC,CASE,2008,36,7723468
N07K1,LC,CASE,2008,48,7710683
N07K1,LC,CASE,2008,60,6666810
N07K1,LC,CASE,2008,72,7447659
N07K1,LC,CASE,2008,84,7171333
N07K1,LC,CASE,2008,96,9668114
N07K1,LC,CASE,2008,108,9835861
N07K1,LC,CASE,2009,12,6993476
N07K1,LC,CASE,2009,24,13475780
N07K1,LC,CASE,2009,36,10624722
N07K1,LC,CASE,2009,48,8900753
N07K1,LC,CASE,2009,60,6844915
N07K1,LC,CASE,2009,72,7349989
N07K1,LC,CASE,2009,84,7320122
N07K1,LC,CASE,2009,96,12167733
N07K1,LC,CASE,2010,12,16369602
N07K1,LC,CASE,2010,24,22439255
N07K1,LC,CASE,2010,36,10201951
N07K1,LC,CASE,2010,48,8653638
N07K1,LC,CASE,2010,60,8904696
N07K1,LC,CASE,2010,72,9212350
N07K1,LC,CASE,2010,84,9119044
N07K1,LC,CASE,2011,12,2316228
N07K1,LC,CASE,2011,24,6879330
N07K1,LC,CASE,2011,36,6095304
N07K1,LC,CASE,2011,48,5622150
N07K1,LC,CASE,2011,60,11542346
N07K1,LC,CASE,2011,72,6455162
N07K1,LC,CASE,2012,12,4359159
N07K1,LC,CASE,2012,24,7249731
N07K1,LC,CASE,2012,36,5166185
N07K1,LC,CASE,2012,48,13543619
N07K1,LC,CASE,2012,60,10048207
N07K1,LC,CASE,2013,12,6323754
N07K1,LC,CASE,2013,24,10074334
N07K1,LC,CASE,2013,36,13637989
N07K1,LC,CASE,2013,48,10774053
N07K1,LC,CASE,2014,12,521554
N07K1,LC,CASE,2014,24,6764399
N07K1,LC,CASE,2014,36,6937348
N07K1,LC,CASE,2015,12,5022811
N07K1,LC,CASE,2015,24,10223746
N07K1,LC,CASE,2016,12,1320716
N07K1,LC,PAID,1995,180,11874707.11
N07K1,LC,PAID,1995,192,11866530.57
N07K1,LC,PAID,1995,204,11990954.48
N07K1,LC,PAID,1995,216,12012373.37
N07K1,LC,PAID,1995,228,12084373.52
N07K1,LC,PAID,1995,240,12508669
N07K1,LC,PAID,1995,252,12523008.55
N07K1,LC,PAID,1995,264,12537314.95
N07K1,LC,PAID,1996,168,9602024.32
N07K1,LC,PAID,1996,180,9613183.02
N07K1,LC,PAID,1996,192,10674119.93
N07K1,LC,PAID,1996,204,10664907.52
N07K1,LC,PAID,1996,216,10664907.52
N07K1,LC,PAID,1996,228,10664907.52
N07K1,LC,PAID,1996,240,10664907.52
N07K1,LC,PAID,1996,252,10664907.52
N07K1,LC,PAID,1997,156,6733492.75
N07K1,LC,PAID,1997,168,6733492.75
N07K1,LC,PAID,1997,180,6733492.75
N07K1,LC,PAID,1997,192,6733492.75
N07K1,LC,PAID,1997,204,6733492.75
N07K1,LC,PAID,1997,216,6733492.75
N07K1,LC,PAID,1997,228,6733492.75
N07K1,LC,PAID,1997,240,6733492.75
N07K1,LC,PAID,1998,144,4487360.3
N07K1,LC,PAID,1998,156,5840742.62
N07K1,LC,PAID,1998,168,5351508.81
N07K1,LC,PAID,1998,180,5351508.81
N07K1,LC,PAID,1998,192,5351508.81
N07K1,LC,PAID,1998,204,5351508.81
N07K1,LC,PAID,1998,216,5351508.81
N07K1,LC,PAID,1998,228,5351508.81
N07K1,LC,PAID,1999,132,1978369.47
N07K1,LC,PAID,1999,144,1978369.47
N07K1,LC,PAID,1999,156,1978369.47
N07K1,LC,PAID,1999,168,1978369.47
N07K1,LC,PAID,1999,180,1978369.47
N07K1,LC,PAID,1999,192,1978369.47
N07K1,LC,PAID,1999,204,1978369.47
N07K1,LC,PAID,1999,216,1978369.47
N07K1,LC,PAID,2000,120,822375.57
N07K1,LC,PAID,2000,132,822375.57
N07K1,LC,PAID,2000,144,822375.57
N07K1,LC,PAID,2000,156,822375.57
N07K1,LC,PAID,2000,168,822375.57
N07K1,LC,PAID,2000,180,822375.57
N07K1,LC,PAID,2000,192,822375.57
N07K1,LC,PAID,2000,204,822375.57
N07K1,LC,PAID,2001,108,2128320.64
N07K1,LC,PAID,2001,120,2689212.63
N07K1,LC,PAID,2001,132,2711720.21
N07K1,LC,PAID,2001,144,2723550.38
N07K1,LC,PAID,2001,156,2620805.97
N07K1,LC,PAID,2001,168,2621202.43
N07K1,LC,PAID,2001,180,2621202.43
N07K1,LC,PAID,2001,192,2621202.43
N07K1,LC,PAID,2002,96,5782498.91
N07K1,LC,PAID,2002,108,9911915.62
N07K1,LC,PAID,2002,120,10251367.74
N07K1,LC,PAID,2002,132,10996392.89
N07K1,LC,PAID,2002,144,11006025.37
N07K1,LC,PAID,2002,156,11663619.92
N07K1,LC,PAID,2002,168,11836050.17
N07K1,LC,PAID,2002,180,11992238.87
N07K1,LC,PAID,2003,84,4693757.84
N07K1,LC,PAID,2003,96,4984510.01
N07K1,LC,PAID,2003,108,4497971.42
N07K1,LC,PAID,2003,120,4510098.65
N07K1,LC,PAID,2003,132,4495040.39
N07K1,LC,PAID,2003,144,4497151.85
N07K1,LC,PAID,2003,156,4499118.65
N07K1,LC,PAID,2003,168,4438046.43
N07K1,LC,PAID,2004,72,45426.32
N07K1,LC,PAID,2004,84,71758.87
N07K1,LC,PAID,2004,96,1018253.2
N07K1,LC,PAID,2004,108,1030602.41
N07K1,LC,PAID,2004,120,1072008.06
N07K1,LC,PAID,2004,132,1078405.86
N07K1,LC,PAID,2004,144,1423992.2
N07K1,LC,PAID,2004,156,1880047.98
N07K1,LC,PAID,2005,60,2150496.33
N07K1,LC,PAID,2005,72,2270828.83
N07K1,LC,PAID,2005,84,2298581.47
N07K1,LC,PAID,2005,96,8893889.13
N07K1,LC,PAID,2005,108,9963934.15
N07K1,LC,PAID,2005,120,10026157.79
N07K1,LC,PAID,2005,132,11530161.59
N07K1,LC,PAID,2005,144,11236503.01
N07K1,LC,PAID,2006,48,5716303.88
N07K1,LC,PAID,2006,60,6431629.67
N07K1,LC,PAID,2006,72,6619028.01
N07K1,LC,PAID,2006,84,8186243.52
N07K1,LC,PAID,2006,96,8368798.73
N07K1,LC,PAID,2006,108,8300644.48
N07K1,LC,PAID,2006,120,8258298.89
N07K1,LC,PAID,2006,132,8423354.22
N07K1,LC,PAID,2007,36,7328813.171
N07K1,LC,PAID,2007,48,12844368.44
N07K1,LC,PAID,2007,60,14900989.75
N07K1,LC,PAID,2007,72,17171813.55
N07K1,LC,PAID,2007,84,16877972.93
N07K1,LC,PAID,2007,96,17102230.05
N07K1,LC,PAID,2007,108,17151288.42
N07K1,LC,PAID,2007,120,16784262.44
N07K1,LC,PAID,2008,24,9787539.662
N07K1,LC,PAID,2008,36,10566282.62
N07K1,LC,PAID,2008,48,15397937.78
N07K1,LC,PAID,2008,60,16471503.32
N07K1,LC,PAID,2008,72,16672576.2
N07K1,LC,PAID,2008,84,16932853.39
N07K1,LC,PAID,2008,96,18823228.53
N07K1,LC,PAID,2008,108,18556215.75
N07K1,LC,PAID,2009,12,84024.02
N07K1,LC,PAID,2009,24,2164732.86
N07K1,LC,PAID,2009,36,6467616.104
N07K1,LC,PAID,2009,48,8181984.784
N07K1,LC,PAID,2009,60,10003096.92
N07K1,LC,PAID,2009,72,10331317.82
N07K1,LC,PAID,2009,84,10356376.85
N07K1,LC,PAID,2009,96,11903923.02
N07K1,LC,PAID,2010,12,310444.07
N07K1,LC,PAID,2010,24,1780964.618
N07K1,LC,PAID,2010,36,13320278.76
N07K1,LC,PAID,2010,48,16005000.92
N07K1,LC,PAID,2010,60,16728668.08
N07K1,LC,PAID,2010,72,17327406.7
N07K1,LC,PAID,2010,84,18135138.27
N07K1,LC,PAID,2011,12,28272.18
N07K1,LC,PAID,2011,24,1355563.97
N07K1,LC,PAID,2011,36,3517518.19
N07K1,LC,PAID,2011,48,4442420.366
N07K1,LC,PAID,2011,60,5373720.533
N07K1,LC,PAID,2011,72,12522435.44
N07K1,LC,PAID,2012,12,5840.53
N07K1,LC,PAID,2012,24,1438326.717
N07K1,LC,PAID,2012,36,3256260.117
N07K1,LC,PAID,2012,48,4440035.763
N07K1,LC,PAID,2012,60,9221521.087
N07K1,LC,PAID,2013,12,22975.8
N07K1,LC,PAID,2013,24,2055397.225
N07K1,LC,PAID,2013,36,2444469.747
N07K1,LC,PAID,2013,48,6309205.997
N07K1,LC,PAID,2014,12,1058446.26
N07K1,LC,PAID,2014,24,4770129.823
N07K1,LC,PAID,2014,36,6513449.353
N07K1,LC,PAID,2015,12,47188.73
N07K1,LC,PAID,2015,24,2471998.84
N07K1,LC,PAID,2016,12,1803284.74
